rooms,square_footage,price
1.0,30.0,105000
2.0,54.0,103000
2.0,47.0,40000
3.0,87.0,156000
1.0,30.0,69000
3.0,62.0,173000
2.0,50.0,121000
2.0,40.0,80000
3.0,106.0,371000
2.0,42.0,53500
3.0,97.0,239000
4.0,105.0,199500
2.0,66.0,107000
2.0,55.0,117500
3.0,100.0,195000
2.0,29.0,40500
3.0,72.0,218888
3.0,75.0,116000
3.0,67.0,89000
1.0,37.0,73000
3.0,127.0,365620
3.0,100.0,115000
5.0,147.0,350000
2.0,61.0,180000
3.0,85.0,175000
2.0,50.0,90000
4.0,81.0,199000
3.0,55.0,91500
2.0,69.0,138000
3.0,76.0,155900
3.0,78.82,229888
3.0,71.0,220000
3.0,61.0,139900
3.0,87.0,179000
3.0,66.0,105000
4.0,119.15,356888
4.0,75.0,150000
1.0,41.0,76000
2.0,42.0,59820
3.0,76.0,156900
2.0,42.0,125000
9.0,221.0,795600
4.0,76.0,95000
3.0,65.0,82500
4.0,105.0,220000
4.0,95.0,189800
5.0,140.0,317064
2.0,65.0,123500
3.0,119.0,238000
1.0,25.0,55500
5.0,220.0,712888
2.0,42.0,110000
2.0,58.0,70000
4.0,89.0,145000
2.0,48.0,155000
2.0,45.0,115000
2.0,40.0,35000
1.0,35.0,53000
2.0,54.0,111000
2.0,55.0,192000
4.0,75.0,149200
3.0,67.0,91000
3.0,69.0,143000
3.0,67.0,87000
3.0,44.0,112000
3.0,82.0,329000
4.0,76.0,169900
4.0,134.0,150000
3.0,93.0,139500
3.0,49.0,54900
1.0,36.0,72000
4.0,135.0,550000
3.0,51.0,93000
5.0,97.0,215000
3.0,74.0,77700
5.0,147.0,348000
2.0,78.0,160000
3.0,62.0,135000
2.0,93.0,175000
3.0,73.0,290000
1.0,28.0,36000
4.0,88.0,175000
3.0,67.0,120600
4.0,179.0,447000
4.0,100.0,120000
2.0,58.0,159000
2.0,46.0,92000
3.0,58.0,99500
4.0,126.0,220000
3.0,62.29,130809
2.0,57.0,179000
1.0,40.0,96200
3.0,62.0,125000
3.0,72.0,144240
3.0,76.0,155000
3.0,71.0,169000
4.0,105.0,145000
2.0,61.0,118000
3.0,67.0,87000
3.0,43.0,74900
4.0,86.0,165000
4.0,95.0,140000
4.0,174.0,349900
4.0,115.0,129900
4.0,240.0,750000
3.0,77.0,153000
3.0,86.0,180000
2.0,51.0,125000
2.0,34.0,59000
2.0,48.0,52800
4.0,110.0,187000
1.0,33.0,106000
3.0,86.0,305888
3.0,90.0,217700
4.0,87.0,150000
3.0,100.0,270000
2.0,57.0,120000
3.0,74.0,102000
4.0,74.0,119500
3.0,80.0,137000
4.0,145.0,261000
3.0,117.0,275000
4.0,115.0,129900
3.0,82.0,188600
4.0,126.0,360000
3.0,85.0,65000
2.0,48.0,95000
2.0,49.0,140000
3.0,50.0,84000
1.0,55.29,212888
2.0,77.0,126000
3.0,83.0,179800
3.0,87.0,149000
3.0,100.0,195000
3.0,58.0,130000
3.0,84.0,160000
2.0,65.0,150000
2.0,45.0,98800
1.0,50.0,93000
3.0,65.0,137500
0.0,0.0,121000
2.0,56.0,106400
2.0,50.0,114000
4.0,117.0,284000
4.0,92.0,265000
2.0,58.0,173888
3.0,82.0,172200
3.5,71.0,133000
1.0,14.0,25000
2.0,42.0,66600
3.0,91.0,763888
4.0,144.0,470888
2.0,54.0,102000
3.0,61.0,105000
2.0,64.0,130000
2.0,68.0,140000
5.0,140.0,235000
3.0,72.0,90000
3.0,56.0,101700
2.0,35.0,104900
4.0,59.0,64900
4.0,230.0,570000
2.0,58.0,172888
1.0,43.0,99000
2.0,54.0,102000
4.0,110.0,340000
3.0,200.0,199000
1.0,23.0,60000
4.0,92.31,221500
3.0,86.0,230000
1.0,35.0,79000
3.0,56.0,65690
3.0,71.0,188500
1.0,38.0,89000
2.0,46.0,138000
5.0,155.0,133000
4.0,83.0,155000
2.0,56.0,169888
1.0,37.0,45000
2.0,56.0,98000
3.0,84.0,220000
4.0,94.0,181800
2.0,46.0,46000
6.0,191.0,298000
2.0,67.0,91000
3.0,81.0,187000
2.0,53.0,105000
2.0,67.0,200000
2.0,35.0,67000
2.0,50.0,85000
3.0,84.0,153000
4.0,111.0,349888
3.0,64.0,129900
4.0,96.0,252000
4.0,70.0,169000
2.0,45.0,75000
2.0,66.0,159000
3.0,57.0,87500
3.0,70.0,105000
2.0,39.0,42900
3.0,92.0,240000
1.0,36.0,97800
2.0,47.0,152000
4.0,73.0,110000
3.0,65.0,130000
3.0,72.0,129500
3.0,75.0,87900
3.0,63.0,125000
3.0,80.0,250888
1.0,50.0,96000
2.0,60.0,185000
2.0,48.0,63500
1.0,47.0,78500
3.0,79.0,191000
1.0,18.0,56000
1.0,33.0,107000
2.0,51.0,25000
3.0,61.0,152000
3.0,57.0,54155
2.0,66.0,83000
1.0,40.0,80000
4.0,91.0,210000
3.0,67.0,89900
3.0,62.0,99000
3.0,95.0,181000
4.0,110.0,199000
2.0,43.0,60200
3.0,56.0,83400
3.0,60.0,123000
2.0,70.0,175000
3.0,71.0,120000
3.0,67.0,121000
1.0,42.0,65000
2.0,45.0,113000
3.0,82.0,246000
3.0,67.0,88850
4.0,143.0,500888
9.0,370.0,900000
3.0,59.0,88000
3.0,66.0,107000
1.0,16.0,89000
3.0,76.0,129900
3.0,67.0,200000
4.0,100.0,265000
4.0,127.0,200000
1.0,29.0,40600
4.0,94.0,100000
4.0,85.0,161500
3.0,100.0,250000
3.0,112.0,385000
3.0,78.0,210000
2.0,54.0,110000
2.0,51.0,145000
2.0,31.0,75000
5.0,137.0,360000
2.0,61.0,98000
4.0,104.0,160000
3.0,82.0,295000
3.0,78.0,195000
3.0,87.0,130000
3.0,100.0,130000
2.0,67.0,142000
2.0,55.0,180888
1.0,43.0,61900
6.0,150.0,160000
4.0,106.0,226730
4.0,147.0,324346
3.0,75.0,119000
2.0,40.0,106000
2.0,42.0,75900
4.0,88.0,136400
3.0,40.0,84500
3.0,94.0,179500
5.0,117.0,295000
3.0,61.0,122000
3.0,73.0,182500
3.0,50.0,100000
2.0,67.0,118000
3.0,82.0,190000
4.0,92.0,193000
1.0,14.0,45000
5.0,135.0,480000
2.0,41.0,81000
1.0,40.0,86000
3.0,82.0,220000
3.0,76.0,145000
2.0,45.0,145000
3.0,75.0,222888
1.0,50.0,94000
3.0,86.24,188000
2.0,62.0,475888
1.0,32.0,29500
2.0,75.0,149250
2.0,61.0,98000
2.0,60.0,63900
3.0,65.0,180000
2.0,35.0,105000
2.0,55.0,178888
3.0,93.0,239000
3.0,87.0,219000
3.0,78.0,210000
4.0,132.0,350000
2.0,37.0,45000
2.0,59.0,178888
4.0,150.0,649000
2.0,67.0,143000
2.0,36.0,45000
3.0,97.0,275000
5.0,115.0,134000
5.0,250.0,250000
3.0,74.0,205000
3.0,90.0,209000
2.0,53.0,169600
2.0,53.0,64000
4.0,100.0,280000
2.0,64.0,130000
3.0,71.0,156200
5.0,114.0,138000
3.0,94.0,199000
1.0,36.0,53040
3.0,91.0,220000
2.0,46.0,103250
2.0,78.0,95000
3.0,90.0,157500
4.0,100.0,250000
4.0,112.0,190000
2.0,54.0,97900
4.0,90.0,166000
4.0,113.0,225126
4.0,108.0,280000
4.0,91.0,239500
4.0,81.0,125000
2.0,100.0,139000
2.0,44.7,62580
2.0,59.0,104900
1.0,32.0,38000
2.0,40.0,81700
2.0,37.0,36000
2.0,43.0,81700
3.0,60.0,112000
2.0,65.0,123500
1.0,21.0,24000
4.0,100.0,220000
2.0,40.0,82000
2.0,57.0,125000
3.0,110.0,412888
4.0,140.0,465000
4.0,150.0,649000
4.0,105.0,135000
2.0,56.0,48000
4.0,125.0,106000
3.0,66.0,179000
3.0,71.0,195888
2.0,63.0,155000
4.0,89.0,178000
2.0,69.0,85900
5.0,105.0,179000
2.0,74.0,204000
6.0,160.0,390000
1.0,40.0,117000
2.0,57.0,110000
8.0,163.0,489000
3.0,50.0,126900
4.0,144.0,485888
3.0,64.0,33000
2.0,50.0,115400
4.0,145.0,355000
2.0,50.0,85000
4.0,81.0,125000
4.0,150.0,495000
2.0,55.0,73000
2.0,46.0,90000
3.0,80.0,267888
3.0,78.0,185000
3.0,81.0,210000
3.0,64.0,60000
4.0,126.16,198172
2.0,52.0,57200
3.0,64.0,112000
2.0,73.0,195900
3.0,76.0,118000
2.0,45.0,89000
2.0,27.0,47000
4.0,109.0,272500
3.0,93.0,227850
5.0,122.5,263000
3.0,74.0,126000
2.0,43.0,60200
3.0,62.0,135000
2.0,33.0,47000
1.0,25.0,49000
4.0,95.0,130000
3.0,83.0,228000
2.0,40.0,110000
3.0,99.0,217800
2.0,37.0,46000
5.0,120.0,155000
3.0,62.0,100000
3.0,52.0,82000
1.0,31.0,49000
4.0,70.0,88000
2.0,41.0,85900
3.0,72.0,233888
2.0,54.0,102000
4.0,89.0,139000
3.0,85.0,173000
4.0,114.0,189000
1.0,44.0,110000
4.0,100.0,260000
3.0,67.0,123000
3.0,62.0,120000
2.0,45.0,110000
3.0,80.0,265888
2.0,47.0,87000
2.0,46.0,97000
5.0,98.0,170000
2.0,56.0,75000
1.0,44.0,57200
2.0,84.0,350000
3.0,84.0,40000
4.0,68.0,145000
3.0,55.0,42000
3.0,105.0,299000
3.0,72.0,165000
3.0,74.0,195000
2.0,40.0,36000
3.0,80.0,60000
1.0,36.0,52000
3.0,112.0,156000
2.0,50.0,121000
3.0,65.0,126750
3.0,54.0,50000
3.0,82.0,259900
3.0,66.0,161000
4.0,124.0,250000
2.0,32.0,105000
2.0,56.0,130000
2.0,51.0,110000
3.0,97.0,195000
3.0,79.0,237000
1.0,41.0,89000
1.0,41.0,79900
2.0,42.0,42840
3.0,100.0,275000
2.0,58.0,109000
7.0,143.0,480000
2.0,51.0,98000
3.0,100.0,291537
4.0,147.0,319000
2.0,50.0,57000
1.0,17.0,60000
4.0,106.0,299300
3.0,120.0,275500
2.0,61.0,78000
2.0,47.0,110000
3.0,82.0,57000
2.0,42.0,117600
2.0,50.0,70000
3.0,71.0,135500
2.0,42.0,85000
4.0,93.0,139000
1.0,46.0,138680
3.0,85.0,75000
2.0,67.0,83000
2.0,63.0,125000
2.0,77.0,230000
4.0,115.0,360000
2.0,46.0,49500
3.0,106.0,330000
3.0,63.0,140000
2.0,58.0,179000
1.0,51.0,46000
4.0,120.0,299000
2.0,32.0,42000
3.0,53.0,45000
3.0,85.0,212500
4.0,184.0,564580
3.0,70.0,85000
3.0,80.0,137000
5.0,111.0,138000
3.0,47.0,134000
3.0,51.0,77000
2.0,47.0,180000
1.0,31.0,45000
4.0,96.0,225000
4.0,106.0,299500
2.0,48.0,70000
2.0,42.0,50000
3.0,55.0,78500
5.0,167.0,650000
3.0,101.0,212000
3.0,92.0,209000
1.0,39.0,117000
2.0,85.0,250000
3.0,91.0,135000
5.0,115.0,199000
3.0,88.0,248000
4.0,126.0,360000
3.0,83.0,180000
2.0,36.0,89000
5.0,152.0,490000
4.0,85.0,192000
4.0,117.0,295000
2.0,47.0,44200
3.0,89.0,215000
3.0,63.0,75000
3.0,65.0,99000
4.0,200.0,550000
4.0,62.0,255000
3.0,75.0,176700
3.0,80.0,110000
3.0,76.0,185000
2.0,49.0,105000
3.0,62.0,58900
4.0,75.0,130000
3.0,61.17,79521
3.0,85.0,159000
2.0,41.0,122500
4.0,111.0,249000
3.0,83.0,246888
2.0,38.0,60800
2.0,59.0,63000
3.0,70.0,175000
2.0,70.0,122500
3.0,76.0,125000
1.0,23.0,60000
4.0,106.0,286200
2.0,49.0,122000
2.0,47.0,180000
3.0,88.0,182000
3.0,50.0,49500
4.0,142.0,470000
6.0,162.0,275000
4.0,85.0,140000
2.0,45.0,55000
2.0,60.0,107000
3.0,70.0,160000
2.0,53.0,85000
4.0,126.0,252000
2.0,53.57,67000
2.0,43.0,110000
5.0,156.0,499900
4.0,98.0,250000
3.0,64.0,187000
2.0,65.0,110000
3.0,68.0,75000
1.0,35.0,78900
3.0,80.0,83000
2.0,60.0,107000
3.0,85.0,135000
4.0,80.0,119970
2.0,36.0,35000
4.0,85.0,117000
3.0,52.0,75000
4.0,103.0,235000
3.0,91.0,170000
4.0,90.0,210000
4.0,107.0,295405
2.0,39.0,52000
3.0,97.0,310000
5.0,113.0,168500
3.0,70.0,82000
3.0,77.0,179000
7.0,213.0,449990
3.0,85.0,63000
4.0,133.0,490000
3.0,89.0,188800
3.0,82.0,160000
3.0,60.0,174000
5.0,125.0,250000
3.0,61.0,118000
3.0,61.0,95000
3.0,74.0,126000
5.0,101.0,155000
4.0,67.0,127500
4.0,97.0,199000
3.0,67.0,77000
3.0,109.0,299000
3.0,84.0,178600
2.0,62.0,83000
4.0,125.0,225000
2.0,57.0,64000
1.0,40.0,75000
4.0,153.0,240000
4.0,70.0,154396
2.0,67.0,119900
4.0,170.0,370000
5.0,180.0,495000
6.0,214.0,749000
2.0,48.0,155000
2.0,58.0,99500
3.0,66.0,139000
4.0,85.0,180000
2.0,44.0,95000
3.0,71.0,70000
3.0,81.0,177000
2.0,68.0,84500
5.0,173.0,320000
2.0,50.0,135000
3.0,75.0,171500
2.0,66.0,128000
2.0,62.0,159900
3.0,62.0,65000
3.0,78.0,155000
4.0,160.0,240000
2.0,42.0,96900
3.0,91.0,85000
3.0,102.2,230000
4.0,137.0,340000
3.0,69.0,158700
4.0,97.0,300000
2.0,42.0,71000
2.0,57.0,172888
2.0,55.0,95000
2.0,50.0,90000
3.0,75.0,170000
2.0,60.0,130000
2.0,54.0,95000
3.0,80.0,240000
4.0,106.0,179000
2.0,53.0,61000
3.0,55.0,99213
1.0,25.0,55000
2.0,75.0,623888
6.0,169.0,256143
3.0,66.0,85000
4.0,140.0,482888
1.0,37.0,71000
2.0,51.0,83000
3.0,88.0,266888
2.0,59.0,125000
4.0,75.0,138000
5.0,138.0,150000
1.0,25.0,33000
1.0,28.0,60000
4.0,100.0,199500
3.0,51.0,20000
4.0,108.0,265000
3.0,89.0,261888
2.0,41.0,35000
3.0,82.0,162500
3.0,58.0,63800
4.0,113.0,196000
3.0,60.0,125000
1.0,32.0,74000
4.0,119.0,305000
3.0,84.0,125000
2.0,56.0,105000
4.0,83.0,63000
4.0,96.0,180000
2.0,44.0,61900
4.0,78.0,155000
2.0,75.0,219888
1.0,40.0,54000
2.0,51.0,55000
3.0,67.0,121500
1.0,39.0,37500
3.0,66.0,100000
3.0,65.0,98000
1.0,24.0,45000
3.0,62.0,33000
3.0,70.0,135000
4.0,96.0,135000
1.0,55.0,63000
4.0,103.0,177000
2.0,105.0,225000
4.0,84.0,220000
4.0,127.0,230000
1.0,33.0,85000
3.0,70.0,230000
2.0,51.0,64000
3.0,111.0,121000
3.0,104.0,219000
3.0,56.0,97000
3.0,196.0,492000
3.0,64.0,54500
3.0,55.0,80800
3.0,81.0,162000
1.0,27.0,65000
3.0,76.0,99990
3.0,68.0,236888
3.0,88.0,352000
4.0,104.0,129000
3.0,88.0,360000
4.0,100.0,220000
3.0,71.0,179000
3.0,59.0,74000
2.0,38.0,53500
3.0,80.0,284888
4.0,119.0,150000
4.0,95.0,145000
3.0,48.0,43200
2.0,47.0,48000
2.0,45.0,14500
3.0,79.0,213300
3.0,90.0,198999
3.0,65.36,127500
4.0,92.0,177000
5.0,90.0,150000
2.0,40.0,49000
2.0,55.0,93500
5.0,113.0,168500
1.0,36.0,85000
2.0,50.0,113000
3.0,81.0,139000
3.0,65.0,180000
4.0,71.0,84636
5.0,210.0,451000
2.0,55.0,71500
4.0,109.0,230000
3.0,92.0,180000
2.0,57.0,115000
3.0,61.0,99000
5.0,163.0,490000
2.0,62.0,119000
4.0,93.0,220000
2.0,21.0,49900
3.0,60.0,91500
4.0,124.0,409888
4.0,100.0,159000
1.0,44.0,71734
1.0,45.0,44000
2.0,46.0,83000
2.0,41.0,81900
5.0,109.0,180000
3.0,71.0,140000
3.0,85.0,145000
2.0,48.0,103600
4.0,145.0,390000
2.0,57.0,125000
3.0,70.0,178000
3.0,58.0,108000
3.0,65.7,177390
6.0,110.0,126500
3.0,62.0,107600
3.0,67.0,79000
5.0,150.0,125000
4.0,127.0,323000
4.0,85.0,153000
3.0,57.0,127000
1.0,34.0,62000
2.0,38.9,105030
2.0,56.0,86800
3.0,74.0,115000
2.0,60.0,150000
3.0,62.0,137000
2.0,73.0,138000
2.0,43.0,60000
2.0,42.0,41000
2.0,53.0,82000
2.0,51.0,125000
4.0,92.0,250000
3.0,55.0,132000
3.0,72.0,219888
2.0,75.0,135000
2.0,54.0,180000
4.0,150.0,525000
2.0,90.0,400000
3.0,94.0,210000
3.0,79.0,90850
3.0,136.0,308750
4.0,95.0,145000
5.0,120.0,319000
1.0,120.0,295000
4.0,75.0,118000
3.0,60.0,62000
3.0,110.0,250000
4.0,91.0,83000
2.0,44.0,125000
3.0,70.0,110000
3.0,85.0,197000
2.0,52.0,79900
2.0,82.0,195000
1.0,31.0,123000
3.0,58.26,104588
1.0,22.0,18500
2.0,42.0,98000
3.0,70.0,135000
2.0,55.0,118000
1.0,23.0,47000
4.0,105.0,159000
4.0,88.0,120000
4.0,92.0,189000
2.0,54.0,55000
2.0,64.0,99000
3.0,51.0,120000
3.0,54.0,96000
4.0,138.0,217210
2.0,53.0,79900
4.0,100.0,165000
3.0,70.27,118264
2.0,55.0,225000
4.0,78.0,215000
1.0,76.0,593888
2.0,27.0,67500
3.0,87.0,149000
2.0,51.27,115357
3.0,88.0,273888
2.0,28.0,34000
2.0,48.0,104900
2.0,35.0,70000
2.0,58.0,59000
3.0,90.0,129000
2.0,60.0,112000
3.0,67.0,200000
2.0,66.0,95000
2.0,48.0,26000
1.0,35.0,77000
4.0,74.0,133000
3.0,153.0,410000
2.0,96.0,62000
4.0,192.0,650000
2.0,40.0,49000
3.0,76.0,89700
3.0,62.0,117000
4.0,170.0,350000
5.0,150.0,270000
4.0,110.0,109000
3.0,87.0,180000
2.0,38.0,45600
5.0,228.0,645888
3.0,67.0,127000
5.0,275.0,750000
3.0,81.0,255000
3.0,86.9,150337
2.0,49.0,69000
4.0,405.0,1550000
3.0,70.0,229000
3.0,132.0,180000
3.0,68.0,170000
4.0,140.0,294000
3.0,65.0,145000
5.0,135.0,399000
2.0,55.0,99900
3.0,76.0,95000
2.0,77.0,140000
2.0,49.0,110000
2.0,67.0,83000
3.0,96.0,180000
2.0,75.0,205000
4.0,148.0,232838
2.0,43.0,120000
2.0,48.0,62500
4.0,115.0,320000
4.0,126.0,252040
2.0,66.0,150000
4.0,135.0,320000
3.0,53.0,66000
4.0,128.0,345600
3.0,79.0,189999
3.0,57.0,83900
1.0,50.0,92000
2.0,65.0,168200
1.0,48.0,88900
2.0,36.0,32000
4.0,67.0,200000
4.0,115.0,129900
4.0,90.0,180000
2.0,70.0,140000
2.0,50.0,108000
3.0,80.0,135000
2.0,40.0,70000
2.0,85.0,175000
4.0,75.0,83000
3.0,80.0,230000
1.0,32.0,112000
4.0,100.0,97000
3.0,67.0,91000
4.0,139.0,417000
3.0,67.0,36000
1.0,33.0,106000
4.0,120.0,327000
4.0,130.0,375000
3.0,92.0,276888
3.0,72.0,140000
3.0,60.0,59900
2.0,58.0,115000
4.0,72.0,130000
1.0,27.0,46000
2.0,49.0,65000
4.0,158.0,299000
3.0,78.0,160000
5.0,183.0,420000
2.0,46.0,95000
5.0,136.0,265000
2.0,51.0,105000
4.0,84.0,132000
4.0,85.0,180000
5.0,158.0,395000
4.0,142.0,240000
3.0,74.0,163328
3.0,72.0,80000
3.0,75.0,138000
3.0,71.0,156200
4.0,111.0,143000
5.0,102.0,170000
2.0,41.0,56000
2.0,48.0,110000
4.0,79.0,190000
5.0,118.0,65000
2.0,64.0,121500
1.0,51.0,94000
3.0,61.8,76000
2.0,51.0,120000
3.0,81.77,178000
3.0,70.0,84000
4.0,94.0,195000
3.0,73.0,135000
3.0,79.0,98000
3.0,62.0,50000
2.0,66.0,106000
1.0,26.0,73000
2.0,41.0,56500
5.0,105.0,349000
4.0,109.0,223800
2.0,58.0,115000
3.0,57.0,100000
4.0,103.0,205000
3.0,89.0,145000
2.0,44.0,79200
4.0,77.0,188000
3.0,62.0,88000
2.0,60.0,106500
2.0,38.0,77330
3.0,56.0,142200
2.0,57.5,155000
2.0,71.0,120000
2.0,49.0,107800
4.0,147.65,231929
3.0,67.0,88850
3.0,96.0,130000
4.0,102.0,125000
2.0,55.0,125000
3.0,65.0,180000
4.0,89.0,120000
1.0,58.32,164888
6.0,160.0,250000
4.0,100.0,280000
2.0,60.0,107000
4.0,108.0,320000
2.0,51.0,27000
2.0,54.0,250000
2.0,59.0,58000
4.0,85.0,250000
2.0,43.0,72000
3.0,66.0,100000
3.0,54.0,139000
1.0,25.0,34500
4.0,90.0,250000
3.0,41.0,100000
2.0,55.0,184000
1.0,25.0,34500
2.0,69.0,119000
2.0,62.0,199000
2.0,54.0,149500
2.0,66.0,150000
4.0,120.0,320000
3.0,53.0,85000
3.0,80.0,175000
2.0,45.0,94000
3.0,80.0,215000
3.0,90.0,162000
2.0,48.0,88800
2.0,48.0,107000
2.0,58.0,180888
4.0,76.0,145000
1.0,40.0,75000
2.0,48.0,48000
2.0,50.0,75000
2.0,55.0,125000
4.0,100.0,130000
3.0,67.0,94000
2.0,75.0,48750
3.0,54.0,78000
1.0,28.0,1850
5.0,165.0,350000
7.0,180.0,200000
3.0,73.0,101580
2.0,53.0,88000
2.0,42.0,127900
2.0,46.0,50600
4.0,89.0,129900
3.0,77.0,184800
3.0,62.0,178000
4.0,102.0,203460
5.0,122.5,263000
3.0,93.0,209000
4.0,88.0,215000
2.0,41.0,115900
4.0,95.0,228500
3.0,98.0,210000
6.0,164.0,460000
3.0,70.0,160000
4.0,125.0,325000
2.0,54.0,102000
3.0,58.0,103700
3.0,71.0,212888
3.0,90.0,205000
3.0,68.0,135000
3.0,102.0,75000
3.0,60.0,139450
3.0,64.0,112000
2.0,35.0,55000
3.0,83.0,246888
3.0,84.0,210000
3.0,83.0,187850
5.0,108.0,255000
4.0,95.0,170064
3.0,84.0,160500
3.0,64.0,112000
1.0,52.0,75000
3.0,85.0,270000
3.0,57.0,73000
2.0,54.0,54000
1.0,28.0,39200
1.0,28.0,72000
2.0,53.0,139000
5.0,122.5,263000
4.0,106.0,225000
5.0,116.0,220000
1.0,43.0,89000
3.0,126.0,245000
4.0,88.0,163000
1.0,18.0,55000
3.0,152.0,245000
2.0,48.0,83300
1.0,52.0,97000
3.0,85.0,229500
4.0,77.0,180000
2.0,43.0,112000
4.0,117.0,350000
2.0,52.0,135000
3.0,76.0,119000
2.0,60.0,148000
3.0,74.24,144480
2.0,65.0,178750
1.0,30.0,75000
3.0,64.0,130000
5.0,126.0,138000
4.0,89.0,173550
4.0,100.0,205000
4.0,90.0,70000
2.0,58.0,109900
3.0,53.0,49500
4.0,83.0,85000
4.0,122.0,135000
2.0,31.0,121900
2.0,50.0,108000
4.0,122.0,194900
4.0,100.0,260000
3.0,72.0,189000
3.0,63.0,114900
2.0,54.0,54000
2.0,56.0,76000
3.0,93.0,140000
2.0,34.0,28900
4.0,110.0,370888
3.0,86.0,180000
3.0,91.0,139000
3.0,66.0,79000
3.0,62.0,130200
3.0,95.0,209000
3.0,75.0,226888
4.0,123.0,398888
3.0,71.0,156900
1.0,30.0,50000
2.0,45.0,79000
4.0,101.0,336000
3.0,70.0,69000
4.0,109.0,196000
4.0,104.58,282366
2.0,71.0,250000
4.0,160.0,240000
3.0,74.0,159500
3.0,71.0,127508
2.0,54.0,68900
3.0,80.0,65000
3.0,58.0,116000
4.0,137.0,499900
4.0,150.0,280000
2.0,51.0,99000
3.0,61.0,90000
3.0,66.0,107437
2.0,45.0,85000
5.0,1643.0,298000
2.0,66.0,119000
3.0,93.0,220000
3.0,59.0,77000
3.0,140.0,90000
5.0,109.0,250700
1.0,25.0,35000
3.0,62.58,140805
7.0,160.0,352000
1.0,32.0,33000
3.0,72.0,33000
2.0,49.0,56000
4.0,83.0,285000
2.0,51.0,123400
4.0,120.0,186000
2.0,27.0,58000
2.0,37.0,59000
3.0,65.0,208000
1.0,34.0,57650
4.0,95.0,237000
7.0,176.0,440000
3.0,66.0,138000
4.0,104.0,333000
4.0,110.0,100000
2.0,75.0,127500
1.0,25.0,42000
2.0,56.0,250000
2.0,58.0,115000
3.0,69.0,196000
2.0,41.0,89000
3.0,95.0,299000
4.0,88.0,220000
2.0,53.0,47000
4.0,70.0,105000
2.0,34.0,49000
2.0,53.0,201000
6.0,162.0,246583
3.0,150.0,465000
3.0,61.0,165000
4.0,137.0,340000
4.0,123.0,180000
5.0,95.0,133000
4.0,72.0,57000
1.0,41.0,85000
3.0,80.0,158000
2.0,66.0,119000
3.0,84.0,140000
2.0,41.0,65000
2.0,43.0,78000
1.0,31.0,115000
2.0,47.0,67900
4.0,77.0,153290
3.0,72.0,160000
1.0,31.0,42000
3.0,88.0,193600
3.0,50.08,100160
3.0,81.0,262888
2.0,49.0,78500
4.0,140.0,222000
2.0,41.0,115900
3.0,87.0,158340
3.0,78.0,238888
4.0,86.0,153475
2.0,69.0,125000
3.0,96.0,220000
2.0,41.0,73000
3.0,74.0,96200
2.0,50.0,111000
2.0,37.0,108000
3.0,90.0,198999
6.0,124.0,280000
4.0,121.0,426000
2.0,64.0,140000
2.0,58.0,132000
2.0,80.0,115000
1.0,30.0,28000
2.0,65.0,107000
3.0,80.0,95000
2.0,84.0,100000
2.0,51.0,55000
3.0,54.0,54950
2.0,35.0,39500
1.0,25.0,59900
2.0,62.0,210000
4.0,95.0,145000
6.0,226.0,361000
4.0,93.0,220000
1.0,23.0,60000
4.0,125.0,288000
2.0,69.0,119000
3.0,78.0,249888
2.0,90.0,350000
4.0,59.0,64900
1.0,22.0,44500
1.0,33.0,48000
3.0,62.0,105000
4.0,75.0,95500
4.0,147.0,379900
2.0,44.0,70400
2.0,43.0,56000
3.0,73.0,193000
3.0,56.0,52000
2.0,55.0,92000
3.0,86.0,269000
1.0,26.0,73000
3.0,75.0,165000
2.0,41.0,119000
3.0,74.0,179080
2.0,36.0,36720
3.0,67.0,71000
3.0,64.0,166400
2.0,41.0,126000
4.0,116.0,253000
3.0,79.0,257888
6.0,210.0,376000
3.0,70.0,140000
2.0,47.0,94000
2.0,73.0,149900
5.0,219.0,460000
2.0,54.0,177888
3.0,64.0,124800
1.0,14.0,33500
3.0,78.0,105000
2.0,50.0,95000
2.0,48.0,96000
3.0,71.0,140000
5.0,75.0,140000
3.0,68.0,170000
3.0,67.0,90450
1.0,48.0,75000
4.0,89.0,205000
3.0,66.0,151200
4.0,72.0,124900
3.0,76.0,155000
4.0,117.0,294900
4.0,78.0,215000
2.0,54.0,77000
5.0,195.0,800000
2.0,44.0,60000
3.0,47.0,71000
3.0,87.0,180000
3.0,67.0,130650
1.0,27.0,87000
2.0,66.0,175000
3.0,148.0,415000
4.0,120.0,333000
4.0,70.0,119000
1.0,33.0,106000
2.0,52.0,67000
4.0,87.0,147000
2.0,55.0,50000
2.0,51.0,120000
3.0,74.0,145000
1.0,25.0,36900
3.0,65.0,94800
4.0,100.0,279900
3.0,76.0,122000
4.0,106.0,150000
3.0,64.0,126000
3.0,68.0,96000
3.0,82.0,170000
2.0,58.0,63250
2.0,56.0,150000
2.0,36.0,89000
2.0,45.0,93000
3.0,72.0,114900
4.0,112.0,220000
3.0,88.0,257888
3.0,71.0,153000
3.0,86.0,148226
3.0,79.0,103000
1.0,25.0,50000
1.0,31.0,54250
2.0,38.0,53200
3.0,55.0,56000
3.0,70.0,200000
3.0,50.0,70000
2.0,33.0,79000
2.0,41.0,120000
2.0,60.0,175000
1.0,30.0,68200
4.0,113.0,195000
2.0,51.0,98500
3.0,79.0,270888
4.0,89.24,191400
2.0,73.0,65000
2.5,58.0,116000
2.0,46.0,90000
4.0,129.0,324000
2.0,35.0,33000
3.0,89.13,222825
2.0,36.0,42000
2.0,59.0,105000
3.0,101.38,142750
2.0,77.0,147000
5.0,123.0,370000
2.0,55.0,93075
3.0,55.0,130000
3.0,78.0,99000
3.0,54.0,78000
1.0,32.0,46350
2.0,51.0,117000
1.0,44.0,71456
3.0,64.0,67000
1.0,28.0,80000
3.0,50.0,120492
4.0,68.0,130000
4.0,118.0,140000
2.0,55.0,170000
3.0,80.0,175000
4.0,106.0,286000
3.0,63.21,106382
3.0,80.0,190000
2.0,56.0,186888
4.0,116.0,255200
4.0,95.0,145000
4.0,92.0,210000
2.0,40.0,75000
2.0,61.0,98000
3.0,87.0,190900
2.0,40.0,79500
3.0,81.0,215000
3.0,61.0,45000
6.0,140.0,150000
3.0,66.0,100000
4.0,108.0,255000
4.0,87.0,150000
3.0,71.0,140000
3.0,86.0,137000
7.0,337.0,739000
3.0,96.0,79000
4.0,126.0,253280
2.0,32.0,48000
1.0,38.0,70000
2.0,55.0,75000
1.0,106.0,350000
4.0,150.0,232000
2.0,64.0,130000
5.0,139.0,417000
3.0,58.0,63800
2.0,40.0,105000
2.0,61.0,118000
4.0,84.0,350000
4.0,95.0,224500
2.0,46.0,32000
2.0,67.0,201000
3.0,66.0,109000
3.0,80.0,200000
3.0,60.0,66500
4.0,119.0,140000
2.0,54.0,190000
3.0,65.7,197100
2.0,53.0,73000
2.0,34.0,32000
4.0,117.0,295000
3.0,75.0,66990
4.0,115.0,369000
3.0,68.03,117692
2.0,58.0,115000
2.0,52.0,100000
6.0,191.0,298000
3.0,122.0,201300
2.0,58.0,99000
2.0,52.0,69000
2.0,48.0,91000
2.0,47.0,39500
3.0,90.0,360000
3.0,79.0,191000
3.0,97.0,299900
3.0,100.0,350000
1.0,38.0,79900
4.0,91.0,81000
3.0,41.0,78900
2.0,50.0,72000
2.0,48.0,63500
5.0,150.0,160000
3.0,91.0,199000
2.0,65.0,119500
3.0,62.0,75000
3.0,91.0,743888
4.0,150.0,140000
3.0,70.0,147000
2.0,62.0,159900
2.0,54.0,165888
3.0,90.0,210000
2.0,47.0,94000
3.0,57.0,82900
5.0,86.0,179000
4.0,103.0,177000
5.0,126.0,138000
3.0,95.0,295888
5.0,160.0,290000
2.0,36.0,36230
2.0,64.0,179000
1.0,42.0,40000
3.0,60.0,145000
1.0,30.0,51000
3.0,88.0,210000
2.0,44.0,84900
2.0,49.0,160000
3.0,76.0,139900
4.0,115.0,320000
4.0,115.0,320000
4.0,75.0,83000
2.0,53.0,111271
2.0,50.0,72000
3.0,84.0,40000
2.0,66.0,107000
2.0,50.0,75000
3.0,77.0,159000
7.0,350.0,1350000
3.0,93.0,139500
4.0,84.0,220000
2.0,80.23,265888
3.0,64.0,60000
2.0,42.0,125000
2.0,45.0,117450
3.0,74.0,111000
4.0,136.0,260000
5.0,142.95,380000
3.0,93.0,105000
4.0,85.0,164000
4.0,80.0,200000
2.0,66.0,97000
3.0,57.88,132000
3.0,72.0,74000
2.0,66.0,120000
3.0,58.0,105000
4.0,106.0,168000
3.0,89.0,340000
2.0,48.0,113000
2.0,56.0,128800
2.0,32.0,63000
1.0,46.0,89000
4.0,100.0,199500
2.0,60.0,120000
2.0,56.0,167000
10.0,320.0,880000
2.0,47.0,51700
3.0,91.0,175000
4.0,100.0,260000
2.0,31.0,126900
3.0,59.0,154700
7.0,220.0,449990
1.0,33.0,79000
4.0,87.0,250000
1.0,41.0,75000
4.0,130.0,490000
3.0,75.0,119000
1.0,39.0,22000
4.0,87.0,150337
1.0,41.0,112500
4.0,101.0,233300
3.0,75.0,139000
4.0,137.0,340000
1.0,33.0,106000
3.0,60.0,172000
2.0,54.0,165888
2.0,50.0,182000
3.0,87.0,155000
2.0,60.0,148000
2.0,43.0,110000
2.0,57.0,142500
4.0,98.0,300000
2.0,37.0,49900
3.0,71.0,159900
4.0,115.0,400000
2.0,30.0,69000
2.0,35.0,90000
3.0,109.0,299000
3.0,109.0,284000
5.0,139.0,255000
1.0,18.0,55000
3.0,124.0,185000
3.0,59.0,109000
4.0,96.0,172000
2.0,50.0,45000
2.0,40.0,80000
3.0,67.0,135000
2.0,67.0,128900
3.0,72.3,213888
5.0,207.0,438000
3.0,80.0,230000
4.0,87.0,100000
2.0,64.0,105000
2.0,54.0,111000
2.0,37.0,45000
2.0,40.0,96200
3.0,71.0,99000
4.0,80.0,279000
4.0,83.0,177900
3.0,71.0,220000
3.0,157.0,410000
4.0,132.0,179900
3.0,58.0,108500
2.0,60.0,105000
3.0,80.0,255888
4.0,80.0,155000
2.0,88.0,300000
4.0,81.0,140000
6.0,165.0,200000
2.0,34.0,52000
5.0,200.0,319000
1.0,32.0,85000
3.0,74.0,140000
4.0,140.0,482888
2.0,51.0,84000
3.0,72.0,240000
2.0,49.0,66900
3.0,64.0,54500
1.0,38.0,58800
3.0,59.0,86000
2.0,66.0,107000
3.0,78.0,120000
4.0,84.0,140000
2.0,50.0,48000
2.0,46.0,79000
5.0,110.0,105000
2.0,42.0,41580
3.0,95.0,85000
2.0,54.0,60000
3.0,67.0,90520
2.0,48.0,120000
4.0,143.0,278000
3.0,87.0,210000
4.0,111.0,350888
2.0,50.0,115400
1.0,42.0,84000
6.0,204.0,385000
3.0,129.0,308000
4.0,100.0,295000
2.0,43.0,48000
2.0,37.0,59000
3.0,115.0,333500
3.0,102.0,239000
2.0,58.0,110000
2.0,52.0,65000
3.0,123.0,208000
4.0,122.0,268400
3.0,60.34,142200
1.0,50.0,170888
2.0,52.0,59500
2.0,40.0,80000
2.0,66.0,92000
4.0,68.0,113900
4.0,124.49,139000
2.0,58.0,92000
2.0,49.0,35000
3.0,74.0,98000
3.0,150.0,300000
4.0,89.0,143000
3.0,105.0,270000
2.5,55.0,115000
2.0,49.0,69900
3.0,50.2,60240
2.0,55.0,99000
3.0,58.0,115000
3.0,82.0,188000
2.0,44.0,127000
2.0,59.0,75000
3.0,73.0,175000
4.0,107.0,218000
2.0,48.0,103500
2.0,77.0,195000
1.0,26.0,35000
2.0,48.0,63000
3.0,95.0,230000
3.0,114.0,513000
4.0,91.0,105000
3.0,72.0,150900
3.0,58.0,159000
2.0,58.0,88000
4.0,90.0,58000
2.0,56.0,163888
3.0,67.0,169000
2.0,46.0,85000
2.0,49.0,69000
2.0,50.0,85000
5.0,208.0,297000
7.0,163.0,450000
3.0,82.0,259500
4.0,67.0,126800
3.0,67.0,99000
2.0,41.0,89000
3.0,78.0,155000
2.0,41.66,39000
1.0,32.0,46350
4.0,163.0,642000
2.0,38.0,95000
3.0,53.0,139900
3.0,73.0,184800
2.0,60.0,145000
3.0,65.0,192000
2.0,50.0,99000
3.0,77.0,200000
3.0,74.0,73000
2.0,52.0,56100
2.0,40.0,66000
2.0,48.0,107910
4.0,90.0,280000
1.0,63.0,138000
2.0,58.0,149000
4.0,133.0,400000
2.0,45.0,129500
3.0,70.0,96000
2.0,39.0,41000
6.0,205.0,390000
3.0,59.0,141999
3.0,57.0,84000
3.0,65.0,112000
1.0,47.0,87000
2.0,58.0,120000
2.0,56.0,182900
3.0,57.0,127000
5.0,120.0,319000
2.0,48.0,87000
3.0,54.0,78000
6.0,162.0,275000
3.0,71.0,135000
3.0,61.0,125000
3.0,90.0,153000
4.0,110.0,255000
4.0,100.0,330000
5.0,97.0,233000
4.0,99.0,119000
4.0,98.0,239000
4.0,106.0,225000
3.0,67.0,165000
3.0,41.0,117000
2.0,66.0,214000
5.0,125.0,280000
3.0,76.0,87400
4.0,80.0,285000
3.0,57.0,125400
4.0,132.0,135000
3.0,67.0,138000
2.0,59.0,145600
2.0,40.0,55000
2.0,59.0,130000
2.0,57.0,171000
4.0,100.0,148000
3.0,76.0,160000
3.0,69.0,179400
4.0,128.0,159000
2.0,58.0,146082
2.0,43.0,41000
4.0,100.0,260000
2.0,47.0,48000
4.0,110.0,182000
1.0,23.0,60000
3.0,77.0,153000
3.0,89.75,278888
3.0,60.0,67000
2.0,54.0,89900
5.0,197.0,510000
4.0,71.0,84636
3.0,122.0,330000
2.0,56.0,124000
3.0,76.0,139900
2.0,46.0,43000
3.0,77.0,104900
3.0,63.0,79000
1.0,40.0,105000
2.0,54.0,104900
3.0,71.0,115000
4.0,92.13,193473
4.0,94.0,321000
2.0,31.0,52000
1.0,28.0,51000
3.0,70.0,200000
2.0,58.0,109000
2.0,34.0,64600
4.0,120.0,260000
2.0,38.0,38000
3.0,59.0,109000
3.0,80.0,225000
2.0,36.0,40000
3.0,70.0,89000
2.0,68.62,154770
2.0,60.0,25000
1.0,25.0,30000
2.0,56.0,84000
2.0,67.0,145000
5.0,100.0,85000
3.0,84.0,199000
3.0,105.0,195000
1.0,34.0,64000
4.0,80.0,239900
3.0,63.0,96075
2.0,82.0,220000
3.0,78.0,80000
2.0,51.0,83000
2.0,40.0,48000
4.0,107.0,295405
7.0,220.0,495000
3.0,58.0,63800
2.0,107.0,125000
1.0,28.0,1850
2.0,51.0,64000
1.0,29.0,44000
4.0,80.0,100000
3.0,100.0,500000
3.0,61.0,84700
3.0,175.0,300000
3.0,77.0,158000
2.0,53.0,61000
2.0,47.0,48000
3.0,41.0,18000
2.0,34.0,70000
3.0,68.0,94000
2.0,58.0,189000
2.0,31.0,87000
2.0,49.0,95000
3.0,54.0,102000
3.0,58.0,73000
2.0,54.0,108000
3.0,50.0,62500
3.0,97.0,189900
3.0,66.0,58000
1.0,40.0,93000
3.0,66.0,77000
3.0,87.0,179000
5.0,175.0,398000
4.0,95.0,192000
3.0,92.0,215000
2.0,50.0,99500
2.0,47.0,63450
2.0,77.0,80000
2.0,66.0,94000
4.0,86.0,125000
5.0,135.0,90000
1.0,35.0,90000
1.0,39.0,120000
4.0,100.0,215000
4.0,97.0,214412
4.0,124.0,315000
4.0,114.0,139000
6.0,146.0,257000
2.0,50.0,100000
3.0,92.0,209000
4.0,115.0,440000
3.0,167.0,620000
2.0,46.0,30000
3.0,58.0,107000
5.0,142.0,335120
3.0,57.0,73000
3.0,78.35,211545
3.0,91.0,140000
3.0,70.52,170659
4.0,131.0,419200
2.0,38.0,62000
3.0,72.0,216000
1.0,49.0,107800
3.0,66.0,93000
3.0,81.0,74000
1.0,30.0,68500
3.0,84.0,130200
3.0,61.56,132354
4.0,143.15,447888
3.0,59.51,172000
4.0,86.0,200000
5.0,99.0,161000
2.0,60.0,112000
3.0,66.25,154700
4.0,153.0,295000
4.0,150.0,649000
1.0,23.0,60000
3.0,85.0,239000
3.0,90.0,205000
2.0,50.0,84000
2.0,35.0,99000
4.0,111.0,334888
5.0,200.0,319000
4.0,102.0,289900
2.0,24.0,25000
3.0,97.6,310000
2.0,51.0,117000
3.0,71.0,130000
3.0,86.0,210000
4.0,118.0,369888
1.0,36.0,85000
2.0,58.0,109000
2.0,59.0,114900
3.0,91.0,227500
3.0,87.0,180000
3.0,55.0,120000
3.0,91.0,135000
2.0,53.0,22500
3.0,106.0,75000
3.0,70.0,270000
2.0,44.0,110000
1.0,26.0,55000
1.0,28.0,78500
4.0,110.0,230000
2.0,45.0,135000
3.0,56.0,98000
4.0,123.0,225000
3.0,68.0,236888
2.0,60.0,85500
3.0,112.0,218400
3.0,60.0,105000
2.0,68.0,122400
4.0,67.0,73700
4.0,67.0,118000
2.0,55.0,166888
3.0,74.0,140000
5.0,132.0,127000
3.0,80.0,85000
2.0,44.0,39900
2.0,70.0,90000
3.0,56.0,105000
3.0,72.0,135000
4.0,96.0,135000
4.0,95.0,170064
4.0,53.0,58300
4.0,89.0,149000
3.0,91.0,139000
5.0,133.0,235000
3.0,87.0,199000
4.0,190.0,380000
2.0,46.0,95000
3.0,62.0,119000
3.0,82.0,108000
1.0,37.0,108000
2.0,55.0,210000
2.0,51.0,86870
2.0,35.0,70000
3.0,79.0,159000
4.0,86.0,240000
3.0,88.0,264888
4.0,100.0,250000
4.0,170.0,470000
3.0,66.0,74000
4.0,88.26,185346
3.0,63.0,133500
5.0,132.0,170000
1.0,43.0,100000
2.0,49.0,149500
3.0,74.0,120000
1.0,28.0,56500
2.0,54.0,205000
4.0,99.0,119000
4.0,117.0,205000
2.0,61.65,467888
4.0,113.0,360000
2.0,38.0,85000
1.0,33.0,38000
3.0,50.0,170000
4.0,92.0,179000
2.0,44.0,110000
4.0,95.0,237775
4.0,86.0,127800
6.0,190.0,170000
4.0,98.0,268000
4.0,93.0,67000
2.0,40.0,47000
2.0,44.0,118000
4.0,72.0,160000
2.0,42.0,81500
4.0,120.0,195000
2.0,43.0,39000
3.0,93.0,97000
2.0,55.0,115000
5.0,144.0,284700
2.0,47.0,180000
2.0,38.0,33000
4.0,100.0,125000
4.0,170.0,350000
1.0,39.0,58500
1.0,38.0,32000
7.0,245.0,400000
1.0,23.0,48500
3.0,62.0,75000
4.0,95.11,228200
3.0,85.0,249888
4.0,96.0,170000
5.0,142.0,198000
2.0,42.0,128000
3.0,83.0,297000
3.0,71.0,156200
3.0,79.0,213300
4.0,92.0,230000
3.0,62.0,135000
2.0,60.0,210000
2.0,37.0,59000
4.0,94.0,180000
3.0,73.0,127500
2.0,39.0,65000
3.0,78.0,151000
2.0,50.0,50
3.0,65.7,179200
3.0,75.0,149000
3.0,71.0,210888
3.0,49.0,54900
2.0,54.0,63900
3.0,66.0,88400
2.0,35.0,65000
4.0,84.0,140000
2.0,41.0,81000
4.0,70.0,88000
5.0,115.0,199000
3.0,48.0,96000
3.0,84.0,220000
4.0,90.0,235000
3.0,105.0,190000
2.0,42.0,125000
3.0,103.0,198000
5.0,144.0,325000
4.0,150.0,450000
4.0,94.0,100000
5.0,220.0,449000
1.0,55.0,92000
2.0,38.0,74000
2.0,53.0,102000
3.0,94.0,113000
6.0,132.0,170000
3.0,70.0,230000
3.0,80.55,202000
3.0,68.0,135000
2.0,60.0,165000
2.0,102.0,263500
5.0,132.0,215000
4.0,105.0,135000
1.0,95.0,100000
2.0,65.0,120000
2.0,60.0,481888
1.0,33.0,33000
3.0,80.0,278888
3.0,70.0,158000
1.0,41.0,102500
4.0,89.0,268000
3.0,70.0,133000
3.0,98.0,245000
2.0,40.0,63000
3.0,190.0,355000
3.0,72.0,160000
2.0,53.0,177888
4.0,104.0,199900
3.0,70.0,230000
2.0,59.0,175888
3.0,60.0,96500
2.0,50.0,121000
5.0,171.0,560000
2.0,62.0,137500
2.0,35.0,88000
3.0,80.0,160000
2.0,45.0,125000
3.0,92.0,215000
3.0,78.0,237888
3.0,79.0,254888
3.0,60.0,105000
3.0,71.0,98000
1.0,27.0,89000
1.0,48.0,89000
5.0,140.0,395000
3.0,78.0,185000
3.0,56.0,150000
3.0,126.0,277200
2.0,60.0,112000
2.0,68.0,161000
6.0,110.0,132000
4.0,112.0,399000
2.0,51.0,125000
3.0,71.0,149000
3.0,137.0,206000
3.0,50.0,84000
2.0,70.0,122500
3.0,85.0,114900
4.0,110.0,200000
3.0,82.0,105000
2.0,72.0,140000
2.0,47.0,116250
4.0,134.0,305000
5.0,230.0,114000
3.0,152.0,245000
4.0,119.0,386888
3.0,95.0,360000
2.0,59.0,130000
2.0,49.0,89000
2.0,63.0,149000
3.0,81.0,133500
3.0,80.0,193600
4.0,95.0,69000
3.0,60.0,112000
2.0,62.0,97000
2.0,55.0,73000
4.0,127.0,215000
2.0,45.0,110000
3.0,133.0,171570
4.0,92.0,150000
3.0,76.0,190000
3.0,67.0,200000
2.0,40.0,100000
3.0,50.0,115000
5.0,170.0,389000
2.0,56.0,179000
2.0,69.0,119000
3.0,109.0,285000
2.0,60.0,85000
3.0,64.37,138050
5.0,114.0,135000
2.0,64.0,95000
2.0,50.0,64000
3.0,78.0,66300
3.0,66.0,117000
5.0,115.0,302100
2.0,55.63,180888
2.0,64.0,185000
3.0,82.0,220000
3.0,60.0,81000
4.0,104.0,242300
3.0,69.0,167000
3.0,88.0,65000
3.0,99.0,290000
3.0,68.0,170000
3.0,67.58,236888
1.0,28.0,78000
3.0,85.0,155000
2.0,56.0,110000
4.0,92.0,155000
2.0,53.0,82150
4.0,100.0,181000
3.0,44.0,46500
2.0,65.0,199990
3.0,74.0,55000
2.0,46.0,75000
4.0,126.0,360000
1.0,23.0,60000
7.0,320.0,880000
1.0,45.0,102363
3.0,50.0,115000
1.0,40.0,70000
2.0,45.0,135000
1.0,23.0,105000
3.0,73.0,77000
3.0,55.0,92000
3.0,56.0,95000
4.0,191.0,650000
4.0,113.0,90850
2.0,48.0,115000
3.0,70.0,209000
4.0,130.0,189900
4.0,130.0,449000
3.0,72.0,140000
2.0,48.0,130000
2.0,39.0,49900
3.0,77.0,79450
4.0,156.0,750000
4.0,87.0,219000
3.0,95.0,247000
2.0,60.0,82000
3.0,71.0,72000
4.0,133.0,310000
4.0,79.0,105000
4.0,91.0,135000
2.0,60.0,219000
3.0,79.0,225000
3.0,87.0,168000
3.0,75.0,112000
3.0,60.0,93000
4.0,84.0,119000
2.0,38.0,53000
2.0,44.0,85000
3.0,79.0,250000
2.0,47.0,90000
3.0,55.0,80800
3.0,70.0,69000
1.5,32.0,73600
7.0,160.0,440000
4.0,86.0,163970
3.0,85.0,175000
3.0,93.0,99000
4.0,137.0,340000
3.0,88.0,169000
3.0,92.0,209000
3.0,78.0,185000
4.0,80.0,198000
4.0,65.0,71500
3.0,69.0,138000
3.0,81.0,182000
2.0,60.0,76000
2.0,60.0,63900
4.0,106.0,221000
2.0,76.0,110000
2.0,54.0,97000
3.0,78.0,111750
4.0,162.0,285000
1.0,33.0,59400
2.0,50.0,135000
2.0,42.0,95000
2.0,55.0,112000
2.0,41.0,78900
5.0,97.0,238000
4.0,105.0,260000
3.0,45.0,49000
4.0,113.0,147000
4.0,91.0,84000
3.0,77.0,98000
2.0,81.0,162000
4.0,94.0,181000
3.0,54.0,102000
3.0,61.0,126000
4.0,102.0,153000
3.0,105.0,422888
3.0,98.0,89500
2.0,63.0,73000
3.0,55.0,132000
2.0,39.0,45000
2.0,64.0,175000
4.0,97.0,242500
2.0,37.0,52240
4.0,70.0,146300
3.0,66.0,110000
1.0,34.0,48800
3.0,77.0,204000
1.0,33.0,79000
4.0,86.0,211130
2.0,45.0,67500
3.0,159.0,280000
5.0,109.0,250700
3.0,64.0,165000
3.0,91.0,727888
5.0,115.0,134000
1.0,45.0,115600
2.0,47.0,161000
6.0,159.0,396650
6.0,310.0,450000
4.0,107.0,300000
4.0,102.0,150000
5.0,174.0,400000
5.0,126.0,235000
3.0,75.0,265000
2.0,40.0,58000
2.0,61.0,119500
2.0,74.0,240000
2.0,58.0,182000
2.0,47.0,75000
3.0,74.0,225000
5.0,95.0,182000
2.0,38.0,34000
4.0,92.0,201564
4.0,95.0,69000
2.0,45.72,57100
3.0,100.0,87000
2.0,36.0,36000
4.0,94.0,170064
1.0,25.0,22000
5.0,90.0,150000
4.0,114.0,365000
4.0,85.0,190000
3.0,71.0,140000
3.0,77.37,130214
3.0,76.0,173000
4.0,105.0,250000
2.0,27.0,82000
2.0,67.0,142800
1.0,56.0,109000
5.0,261.0,376000
3.0,58.0,50000
3.0,124.0,210800
3.0,88.0,145000
1.0,21.0,49000
2.0,62.0,135000
1.0,23.0,32200
3.0,83.0,252000
4.0,110.0,195000
3.0,96.0,180000
2.0,40.0,104000
1.0,28.0,51000
5.0,88.0,136400
3.0,70.0,178000
4.0,116.0,290000
3.0,71.0,135000
5.0,171.0,550000
1.0,26.0,56000
3.0,83.0,76000
4.0,93.0,139900
3.0,82.0,196800
3.0,77.0,178400
1.0,40.0,65000
4.0,86.0,269000
2.0,64.0,126000
2.0,50.0,110242
4.0,144.0,255000
4.0,119.0,375888
3.0,71.0,99000
3.0,67.0,139000
4.0,137.0,340000
2.0,39.55,49440
2.0,56.0,81600
2.0,58.0,132000
5.0,95.0,85000
3.0,73.0,182500
1.0,30.0,79990
4.0,155.0,390000
4.0,68.0,74800
4.0,103.0,319000
4.0,155.0,500000
3.0,54.0,78000
4.0,119.0,254000
1.0,58.0,45000
2.0,59.0,135000
3.0,117.0,275000
1.0,31.0,31000
3.0,159.0,280000
3.0,85.0,68000
1.0,32.0,102400
4.0,105.0,283500
4.0,115.0,358888
4.0,89.4,196000
4.0,71.0,64000
4.0,98.0,150000
1.0,23.0,46000
1.0,22.0,45000
3.0,75.0,155000
1.0,33.0,40000
3.0,65.0,87500
2.0,37.0,60000
1.0,38.0,26500
2.0,55.0,134900
3.0,47.0,44650
3.0,108.0,172000
3.0,47.0,122000
2.0,36.0,68000
2.0,65.0,110000
1.0,39.0,117000
3.0,100.0,232000
1.0,23.0,125500
3.0,135.0,480000
3.0,61.0,110000
3.0,69.0,120000
4.0,68.0,74800
3.0,72.0,140000
4.0,85.0,185000
2.0,65.0,99000
2.0,67.0,143000
3.0,70.0,79000
3.0,72.0,137000
1.0,37.0,92000
2.0,46.0,49000
1.0,23.0,48000
5.0,99.0,185000
1.0,28.0,70000
3.0,70.0,115500
2.0,50.0,170888
4.0,87.0,169700
4.0,142.0,105000
1.0,12.0,35000
2.0,55.0,76000
3.0,99.0,165900
2.0,61.0,90000
4.0,100.0,65000
3.0,90.0,220000
3.0,78.0,215000
3.0,57.0,108000
2.0,48.0,155000
2.0,33.0,33000
4.0,100.0,200000
3.0,123.0,208000
3.0,82.0,177000
4.0,130.0,375000
5.0,200.0,360000
3.0,70.0,110000
3.0,84.0,153000
2.0,51.0,107000
3.0,78.35,235050
2.0,44.0,52000
4.0,79.0,237000
3.0,69.0,148000
4.0,82.0,168000
2.0,24.0,80000
2.0,51.0,67000
2.0,71.0,92300
4.0,85.0,185000
3.0,80.0,110000
2.0,59.0,177888
3.0,100.0,129000
6.0,141.0,225000
3.0,75.0,160883
2.0,47.0,72000
2.0,48.0,130000
2.0,44.0,134900
2.0,34.0,51000
3.0,78.0,137000
3.0,59.0,109000
4.0,126.0,252040
4.0,72.0,123500
2.0,51.0,95000
4.0,53.0,58300
2.0,46.0,115000
1.0,32.0,31000
2.0,54.0,87000
3.0,74.0,111000
1.0,30.0,87000
1.0,17.0,54000
3.0,60.0,79000
3.0,68.0,57800
4.0,122.0,308660
2.0,58.0,76120
3.0,71.0,71000
4.0,98.0,150000
2.0,62.0,159900
2.0,32.0,88000
3.0,71.0,71900
5.0,90.0,360000
1.0,32.0,32470
2.0,40.0,105000
2.0,54.0,95000
3.0,45.0,65000
3.0,65.0,65000
2.0,47.0,44655
2.0,56.0,162000
4.0,115.0,299000
4.0,120.0,312000
4.0,180.0,964888
3.0,62.0,146500
3.0,52.0,78000
3.0,79.0,98000
3.0,53.0,110000
3.0,57.0,55000
3.0,65.0,175000
2.0,32.0,59000
2.0,40.0,80000
2.0,48.0,110000
2.0,44.0,48400
5.0,125.0,135000
3.0,86.08,148918
2.0,61.0,180000
3.0,57.0,85000
4.0,140.0,320000
3.0,65.0,137500
2.0,97.0,149000
4.0,90.0,270000
4.0,130.0,270000
2.0,52.0,110000
1.0,25.0,23000
4.0,75.0,145000
3.0,80.0,155000
2.0,56.0,76000
4.0,160.0,339000
5.0,159.0,390000
4.0,80.0,158875
2.0,43.0,51900
4.0,145.0,261000
4.0,92.0,105000
4.0,67.0,135000
3.0,65.0,185000
5.0,118.0,358000
3.0,87.0,280000
2.0,52.0,166400
2.0,48.0,92000
2.0,42.0,130000
1.0,33.0,40000
3.0,64.0,120000
4.0,120.0,179800
3.0,66.0,138000
4.0,140.0,150000
3.0,103.0,227000
3.0,52.0,105820
2.0,38.0,41800
3.0,112.0,218400
3.0,109.33,199000
3.0,100.0,299000
4.0,114.0,299000
3.0,60.0,60000
3.0,74.0,112900
2.0,50.0,74000
2.0,59.0,59000
4.0,97.0,215000
3.0,100.0,200000
4.0,111.0,360888
4.0,126.0,252000
2.0,123.0,300000
3.0,91.0,199000
5.0,104.0,250000
3.0,81.0,149000
2.0,77.0,230000
1.0,55.0,109000
2.0,45.0,45000
4.0,125.0,498000
4.0,86.0,107000
3.0,68.0,139000
4.0,103.0,234900
3.0,94.0,192700
2.0,36.0,35000
2.0,39.0,76000
2.0,53.3,177888
2.0,47.0,180000
4.0,103.0,150000
4.0,140.0,271000
4.0,91.0,150000
1.0,30.0,51000
3.0,61.0,140000
4.0,116.0,290000
1.0,17.0,38000
3.0,72.0,208000
1.0,33.0,62000
3.0,81.0,225888
3.0,64.0,120000
3.0,62.0,165000
3.0,89.0,185000
1.0,34.0,47500
2.0,53.0,89900
2.0,54.0,102000
3.0,102.0,250000
1.0,23.0,60000
2.0,56.0,49000
5.0,120.0,240000
1.0,41.0,89000
2.0,53.0,122500
3.0,64.0,125900
4.0,96.0,140000
4.0,88.0,88000
1.0,18.0,38000
2.0,72.0,163250
3.0,64.0,166000
3.0,45.0,84550
1.0,47.0,51000
4.0,148.0,266400
0.0,26.0,69900
4.0,140.0,560000
3.0,74.0,195000
4.0,108.0,255000
3.0,58.0,100700
3.0,111.0,93720
3.0,92.0,190000
3.0,80.0,160000
1.0,38.0,92000
2.0,51.0,105000
2.0,37.0,145000
3.0,78.0,165000
4.0,114.0,225125
4.0,96.0,220000
4.0,131.0,400000
1.0,38.0,43700
2.0,54.0,120000
4.0,64.0,69900
2.0,58.0,110000
3.0,81.0,210000
4.0,84.0,70000
2.0,45.0,90888
4.0,103.0,250000
3.0,87.0,192000
5.0,202.0,600000
4.0,86.0,145000
2.0,53.42,80000
2.0,53.0,61000
3.0,59.0,95000
4.0,90.0,170000
4.0,85.0,189000
5.0,232.0,570000
3.0,71.0,158000
2.0,56.0,72340
3.0,76.0,145000
3.0,60.0,89000
7.0,170.0,450000
3.0,80.0,118500
2.0,52.45,118250
1.0,38.0,93000
3.0,55.0,49000
4.0,100.0,165000
4.0,126.0,360000
4.0,122.0,183000
4.0,94.0,179000
3.0,52.0,107500
4.0,78.0,190000
1.0,38.0,23000
3.0,64.0,128000
1.0,18.0,55990
2.0,49.0,84000
2.0,44.0,89000
3.0,82.0,287888
4.0,89.0,189000
3.0,75.0,172500
2.0,63.0,103000
2.0,32.0,48000
3.0,87.0,179000
2.0,61.0,124900
4.0,105.0,171000
5.0,79.0,199000
5.0,208.0,297000
3.0,82.0,145000
3.0,80.0,99000
4.0,80.0,88000
3.0,113.0,123000
6.0,160.0,256143
3.0,79.0,165000
3.0,80.0,155000
4.0,98.0,299000
3.0,77.0,175300
5.0,90.0,250000
4.0,150.0,450000
2.0,55.0,164888
3.0,72.0,209888
2.0,50.0,90000
3.0,68.0,140000
2.0,40.0,75000
3.0,66.0,165000
1.0,24.0,78000
3.0,75.0,227888
3.0,81.0,139000
5.0,200.0,290000
2.0,45.0,54000
2.0,48.0,130000
2.0,41.43,82170
2.0,38.0,53200
3.0,163.0,499900
4.0,120.0,165000
4.0,91.0,82000
2.0,50.0,69900
2.0,65.0,99900
2.0,48.0,103000
4.0,94.0,170000
2.0,41.0,46000
3.0,57.0,48500
3.0,70.0,130000
4.0,146.0,345000
2.0,58.0,155000
2.0,77.0,205000
2.0,57.0,116000
3.0,68.0,140000
1.0,30.0,125000
1.0,33.0,117300
3.0,87.0,149000
2.0,56.0,145000
3.0,46.0,65000
3.0,54.0,90000
2.0,61.0,201888
3.0,85.0,180000
4.0,88.0,139900
2.0,33.0,38000
4.0,88.0,265000
3.0,89.0,356000
2.0,55.0,215000
2.0,32.0,51200
4.0,55.0,145000
3.0,85.0,161500
4.0,102.0,349900
3.0,71.0,156200
5.0,640.0,1000000
2.0,46.0,152000
3.0,74.0,113000
1.0,29.0,43500
3.0,60.0,105000
2.0,68.0,77000
2.0,63.0,161000
6.0,160.0,256143
3.0,81.0,162000
2.0,51.0,90000
2.0,51.0,69000
3.0,71.0,188500
2.0,46.0,147200
2.0,45.0,108900
4.0,124.0,248000
3.0,80.0,86000
4.0,110.0,255000
4.0,98.0,360000
3.0,73.0,87700
2.0,77.0,230000
2.0,44.96,121392
3.0,79.0,276888
3.0,78.0,200000
3.0,66.0,150000
2.0,95.0,160000
2.0,48.0,90000
3.0,62.0,140000
4.0,91.0,149500
2.0,67.0,138000
2.0,70.0,169000
3.0,120.0,180000
3.0,72.0,65000
5.0,190.0,170000
3.0,103.0,227000
6.0,173.0,320000
1.0,27.0,89000
3.0,74.0,64000
2.0,41.0,84000
3.0,81.0,172375
3.0,84.0,264888
4.0,112.0,190000
4.0,98.0,125000
3.0,94.0,170000
3.0,73.0,169000
4.0,88.0,140000
2.0,57.0,53900
3.0,110.64,355888
2.0,36.0,40000
3.0,115.0,235900
4.0,88.0,215000
3.0,65.0,115000
3.0,104.0,189900
3.0,50.0,49900
3.0,82.0,177000
3.0,72.0,125000
4.0,105.0,159900
5.0,160.0,390000
4.0,120.0,186000
2.0,55.0,71500
2.0,51.0,163200
3.0,65.0,112000
2.0,48.61,114962
3.0,81.0,128000
1.0,36.0,48000
3.0,71.0,97000
3.0,46.95,125500
2.0,51.0,85000
3.0,86.0,304888
4.0,99.0,119000
4.0,85.79,171580
4.0,94.0,90000
4.0,67.0,135000
5.0,150.0,495000
3.0,70.0,90000
3.0,59.0,74000
3.0,85.0,246888
1.0,33.0,38000
2.0,65.0,90000
2.0,54.0,149500
3.0,74.0,212000
4.0,110.0,301510
3.0,86.0,269000
4.0,88.0,264900
3.0,73.0,116000
4.0,117.0,180000
3.0,80.0,282888
3.0,99.0,230000
2.0,34.0,78000
4.0,250.0,750000
1.0,39.0,98000
3.0,65.0,105900
2.0,51.0,122000
3.0,50.0,70000
1.0,30.0,105000
3.0,67.0,122500
1.0,28.0,99900
4.0,99.0,277200
4.0,115.0,285000
4.0,160.0,499000
4.0,113.0,225000
3.0,68.0,136000
7.0,170.0,450000
2.0,39.0,98000
3.0,83.0,187850
3.0,63.0,59000
3.0,43.0,40000
3.0,69.0,139000
3.0,37.0,88000
4.0,107.0,320000
3.0,65.0,112000
2.0,48.0,75800
2.0,55.0,225000
4.0,125.0,175000
3.0,67.0,53000
2.0,38.0,49900
2.0,62.0,102900
2.0,58.0,182000
4.0,109.0,260000
6.0,134.0,160000
2.0,35.0,69000
3.0,76.0,139900
3.0,63.0,126000
2.0,58.0,248900
1.0,38.0,17500
2.0,58.0,70000
4.0,85.93,232011
7.0,160.0,198000
3.0,88.0,273888
4.0,113.0,219000
1.0,35.0,79900
2.0,58.0,110200
3.0,78.0,99000
2.0,80.0,148000
3.0,82.0,220000
3.0,53.0,110000
1.0,46.0,79900
1.0,28.0,65000
3.0,50.0,75000
5.0,220.0,449990
3.0,85.0,243888
2.0,40.0,49760
2.0,69.0,199900
1.0,36.0,52500
3.0,72.0,135000
2.0,44.7,62580
3.0,120.0,276000
6.0,102.0,551780
3.0,84.0,220000
3.0,74.0,111000
4.0,100.0,219000
2.0,55.0,225000
4.0,121.0,299000
2.0,53.0,235000
4.0,124.0,273000
3.0,83.0,187850
4.0,149.0,369000
3.0,59.0,102000
4.0,124.0,418888
2.0,55.0,117500
3.0,63.0,128000
1.0,38.9,106000
2.0,58.0,111000
5.0,129.0,185000
4.0,260.0,850000
4.0,67.0,125000
3.0,70.0,115000
3.0,45.0,54000
3.0,91.0,140000
3.0,69.0,159000
4.0,94.0,81000
4.0,98.0,185000
2.0,54.0,102000
3.0,80.0,200000
4.0,90.0,95000
2.0,50.0,68000
3.0,64.0,129000
3.0,78.0,239888
2.0,45.0,75000
2.0,48.0,65000
3.0,74.0,160000
4.0,98.0,172400
1.0,41.0,89000
3.0,70.0,105000
3.0,65.0,33000
4.0,104.0,120000
2.0,51.0,120000
3.0,69.0,155000
2.0,42.0,128000
3.0,70.0,209000
2.0,36.0,45000
2.0,66.0,102000
3.0,74.0,135000
2.0,45.0,130000
2.0,35.0,45275
3.0,62.0,142000
2.0,58.0,98000
2.0,58.0,151000
2.0,90.0,400000
2.0,66.0,170000
1.0,43.0,63000
2.0,53.5,103000
3.0,79.0,268888
3.0,85.0,155000
4.0,101.0,205000
5.0,110.0,105000
3.0,122.0,260000
6.0,242.0,530000
2.0,56.0,139000
3.0,75.0,160000
2.0,36.0,42000
2.0,38.0,51500
2.0,63.0,36000
3.0,65.0,126750
5.0,155.0,265000
3.0,60.0,105000
4.0,93.0,220000
5.0,219.0,460000
3.0,81.0,228000
4.0,168.0,389000
3.0,98.0,275000
2.0,60.0,106000
2.0,54.0,183888
2.0,45.0,110000
4.0,78.0,80000
3.0,70.0,82000
2.0,45.0,115000
5.0,168.0,450000
2.0,55.0,161888
4.0,85.0,129900
4.0,80.0,153000
4.0,103.0,195000
4.0,137.0,204000
3.0,83.0,285000
5.0,139.0,417000
2.0,52.0,135000
2.0,53.0,116600
4.0,90.0,125000
1.5,38.0,68500
2.0,39.0,37050
3.0,80.0,256888
2.0,51.0,139900
1.0,40.0,77000
2.0,51.0,106000
1.0,32.0,65000
2.0,55.0,125000
4.0,68.0,118000
2.0,48.0,85000
5.0,118.0,78000
3.0,62.0,135000
3.0,61.0,68000
4.0,137.74,216362
3.0,74.0,102000
3.0,82.0,78000
3.0,63.0,128000
3.0,95.0,235000
3.0,56.0,115000
3.0,79.0,175000
4.0,191.0,650000
3.0,123.0,179800
4.0,175.0,350000
3.0,55.0,129000
4.0,113.0,250000
2.0,32.0,105000
3.0,96.0,175000
4.0,93.0,150000
3.0,94.0,204900
1.0,38.0,79900
2.0,60.0,87000
2.0,51.0,46000
2.0,36.0,126000
3.0,78.0,148200
4.0,100.0,235000
2.0,60.0,115000
5.0,81.0,110000
1.0,28.0,42000
5.0,136.0,380800
2.0,54.0,173888
3.0,67.0,137350
2.0,52.0,149800
3.0,64.0,86350
3.0,74.0,126000
3.0,74.0,179080
2.0,60.0,165000
2.0,52.0,125000
5.0,90.0,189900
1.0,34.0,71400
3.0,109.24,370888
3.0,56.0,80000
4.0,88.0,107000
5.0,132.0,90000
1.0,28.0,115000
1.0,44.0,71900
3.0,67.0,168000
4.0,86.0,155000
2.0,40.0,36000
2.0,69.0,139000
4.0,87.0,169650
3.0,80.0,175000
2.0,31.0,65000
3.0,87.0,200000
3.0,91.0,270888
2.0,39.0,66500
1.0,44.0,125000
5.0,115.0,199000
3.0,80.0,120000
2.0,50.0,60000
3.0,81.0,177000
3.0,86.0,98000
3.0,71.0,207256
3.0,71.0,99500
2.0,41.0,95000
4.0,129.0,122000
1.0,26.0,60000
3.0,80.0,184000
4.0,163.0,499000
3.0,54.0,65900
2.0,35.0,35000
4.0,128.0,358400
3.0,53.0,58300
1.0,44.0,95900
3.0,77.0,122000
2.0,54.0,104900
4.0,149.0,271000
3.0,73.0,138000
3.0,101.0,258000
3.0,80.0,265000
2.0,40.0,110000
4.0,116.0,289000
3.0,73.0,140000
3.0,82.0,165000
3.0,58.0,100700
1.0,55.0,92000
2.0,47.0,103500
3.0,56.0,87000
3.0,104.0,260000
2.0,46.0,81000
3.0,85.0,210000
3.0,120.0,219000
4.0,81.0,133650
2.0,65.0,110000
4.0,70.0,126000
4.0,143.0,278000
4.0,96.0,140000
4.0,102.0,260000
4.0,94.0,180000
1.0,30.0,36000
3.0,75.0,40000
1.0,18.0,38000
4.0,97.0,199000
4.0,88.0,83600
2.0,35.0,52500
5.0,119.0,235000
3.0,65.0,126750
3.0,82.0,180400
7.0,148.0,485000
2.0,68.0,130000
3.0,64.0,127000
3.0,102.0,330000
2.0,78.0,106900
2.0,41.0,48900
4.0,85.0,140000
1.0,44.0,66000
3.0,65.0,113000
3.0,79.0,76000
3.0,96.0,186000
3.0,90.0,205000
3.0,63.0,138600
3.0,102.0,188000
4.0,115.0,460000
2.0,53.0,90000
2.0,62.0,130000
2.0,37.37,78000
4.0,110.0,363000
4.0,92.0,178000
2.0,95.0,162000
4.0,101.0,175000
3.0,61.0,99000
3.0,117.0,235000
4.0,110.0,193000
1.0,31.0,42600
2.0,20.0,32000
3.0,84.0,250000
3.0,100.0,195000
2.0,53.0,125000
3.0,73.0,85000
3.5,72.0,96873
3.0,110.0,412888
3.0,120.0,276000
3.0,75.0,171100
3.0,75.0,149250
3.0,61.0,86800
3.0,57.0,94000
5.0,172.0,750000
4.0,90.0,90800
1.0,31.0,87000
4.0,80.0,104000
4.0,118.0,165000
4.0,100.0,270000
4.0,72.0,105000
6.0,177.0,730000
4.0,145.0,355000
4.0,81.0,133650
3.0,72.0,140200
1.0,39.0,63900
3.0,56.0,52500
2.0,70.0,150000
2.0,75.0,120000
2.0,40.0,84500
2.0,64.0,281888
3.0,74.0,115000
5.0,145.0,539000
3.0,54.0,58000
2.0,37.0,39000
4.0,158.0,389000
2.0,60.0,165000
4.0,103.0,150000
4.0,111.0,350888
2.0,59.0,105000
2.0,27.0,32640
6.0,211.0,464000
2.0,66.0,150000
4.0,200.0,330000
3.0,85.0,185000
1.0,30.0,27000
4.0,112.0,218000
1.0,38.0,75000
3.0,64.0,200000
2.0,54.0,183888
3.0,80.0,282888
4.0,130.0,360000
4.0,146.0,460000
2.0,51.0,110000
1.0,11.0,34000
1.0,20.0,16500
3.0,137.0,100000
3.0,70.0,175000
4.0,89.0,178000
2.0,45.0,110000
4.0,184.0,528150
3.0,49.0,98000
2.0,47.0,65800
4.0,86.0,148918
3.0,60.0,174000
4.0,175.0,185000
2.0,50.0,84000
3.0,99.0,356400
3.0,64.0,140000
3.0,63.0,179000
3.0,72.0,129900
4.0,74.0,135000
4.0,105.0,360000
3.0,68.0,139000
5.0,163.0,602888
3.0,73.0,173000
4.0,114.0,186000
2.0,31.0,121900
2.0,55.0,134888
2.0,59.0,109000
2.0,50.0,155000
4.0,101.0,212100
4.0,100.0,255000
3.0,51.0,127000
3.0,77.0,110000
3.0,80.0,110000
3.0,74.0,195000
3.0,69.0,155000
3.0,63.0,66150
2.0,36.0,35640
4.0,90.0,91000
3.0,71.0,98000
3.0,61.0,140000
1.0,34.0,36900
2.0,48.0,104000
4.0,132.0,349000
4.0,108.0,120000
2.0,58.0,112200
4.0,91.0,151300
4.0,144.0,482888
3.0,110.0,230000
4.0,96.0,79900
4.0,79.0,237000
1.0,26.0,73000
3.0,70.0,55000
4.0,126.0,295244
3.0,44.0,50000
4.0,93.0,74000
3.0,71.0,95000
4.0,78.0,140000
5.0,161.73,1359888
2.0,60.0,129000
3.0,77.0,169900
1.0,55.0,176888
2.0,54.0,103000
1.0,39.0,42000
3.0,72.0,140000
3.0,95.0,245600
4.0,82.0,172000
2.0,74.0,148000
4.0,151.0,1259888
5.0,86.0,120000
3.0,83.0,116800
3.0,81.0,139000
3.0,84.0,140000
3.0,50.0,103000
3.0,150.0,299000
3.0,62.0,95000
2.0,45.0,42000
3.0,57.0,136000
1.0,23.0,78000
2.0,50.0,130000
3.0,74.0,63000
3.0,59.0,109000
2.0,47.0,96000
4.0,63.0,109000
3.0,127.0,381000
4.0,100.0,120000
3.0,65.0,112000
2.0,46.0,105000
4.0,85.0,53000
3.0,74.0,65000
1.0,28.0,50000
3.0,100.0,219000
1.0,33.0,90000
3.0,63.0,161000
2.0,66.0,159000
4.0,140.0,479888
2.0,36.0,40600
3.0,88.0,273888
4.0,95.0,200000
5.0,172.49,960888
3.0,64.0,88000
4.0,89.0,87500
2.0,41.0,115900
2.0,51.0,71000
2.0,60.0,61500
3.0,79.0,138000
3.0,64.0,88000
4.0,117.0,362888
2.0,68.0,129500
3.0,62.0,120000
2.0,26.0,59999
2.0,66.0,145000
0.0,28.0,90000
3.0,91.0,775888
3.0,58.0,116000
3.0,70.0,102000
3.0,54.0,55100
3.0,53.0,58300
2.0,41.0,41000
3.0,85.0,169500
2.0,65.0,180000
2.0,176.0,185000
2.0,88.0,166500
4.0,99.0,199680
3.0,69.0,138000
2.0,65.0,98000
3.0,50.0,76000
4.0,290.44,1380000
3.0,55.44,83000
3.0,60.0,60000
3.0,61.0,120000
5.0,122.5,263000
3.0,103.0,65000
3.0,85.0,244888
3.0,58.0,109000
3.0,83.0,223000
3.0,60.0,62000
1.0,40.0,190000
4.0,94.0,145000
2.0,48.0,67000
4.0,100.0,149900
2.0,40.0,49800
4.0,104.0,150000
1.0,40.0,79000
1.0,32.0,32470
3.0,100.0,285000
5.0,115.0,88000
3.0,50.0,120492
6.0,163.0,489000
2.0,34.0,49000
1.0,18.0,18000
2.0,46.0,48070
2.0,41.0,69000
4.0,160.0,580000
2.0,50.0,130000
3.0,91.0,245000
2.0,77.0,230000
2.0,60.0,148000
4.0,89.0,196000
2.0,50.0,98000
3.0,70.0,122000
2.0,44.0,89380
2.0,49.0,59900
2.0,53.0,65000
6.0,191.0,298000
4.0,124.0,199000
4.0,117.0,295000
4.0,75.0,230000
3.0,84.0,250888
1.0,36.0,83900
4.0,106.0,170000
2.0,32.0,49900
3.0,71.0,151700
4.0,107.0,145000
2.0,65.0,95000
3.0,122.0,460000
3.0,99.0,380000
2.0,46.0,42000
2.0,58.0,112200
3.0,73.0,89000
2.0,65.0,92000
4.0,82.0,254000
4.0,100.0,279900
3.0,71.0,135000
4.0,142.0,240000
3.5,91.0,172000
1.0,27.0,89000
2.0,45.0,130000
3.0,73.0,125000
2.0,82.0,220000
3.0,80.0,150000
2.0,47.0,95000
3.0,86.0,280000
3.0,84.0,264888
5.0,110.0,129990
1.0,35.0,80000
1.0,25.0,55000
2.0,66.0,150000
3.0,121.0,264000
4.0,99.0,169000
2.0,160.0,250000
1.0,63.0,103000
2.0,61.0,79000
3.0,86.0,280000
3.0,88.0,712888
3.0,66.0,151200
3.0,65.0,114000
5.0,116.0,290000
3.0,66.0,100000
1.0,39.0,105000
3.0,64.0,112000
1.5,49.0,2100
2.0,71.0,134900
5.0,120.0,400000
1.0,45.0,75000
4.0,84.0,189900
3.0,55.0,132000
2.0,49.0,78500
4.0,142.0,198000
3.0,187.0,425000
3.0,62.0,57000
3.0,99.0,300000
4.0,95.0,165000
2.0,55.0,92000
2.0,58.0,182000
2.0,68.0,139000
1.0,22.0,42500
4.0,117.0,295000
3.0,72.0,208000
2.0,47.0,95000
1.0,23.0,125500
4.0,100.0,181000
5.0,188.0,188000
2.0,48.0,63000
3.0,74.0,170000
2.0,44.0,106480
4.0,134.0,140000
2.0,150.0,360000
4.0,126.0,429888
3.0,63.0,126000
3.0,60.0,174000
3.0,73.0,214888
3.0,100.0,73000
3.0,62.0,88000
2.0,56.0,60000
4.0,85.0,189000
3.0,89.0,246888
2.0,55.0,120000
4.0,83.0,180000
3.0,78.0,237888
3.0,72.0,129000
2.0,50.0,80000
3.0,63.0,125740
4.0,78.0,215000
2.0,53.0,79900
4.0,90.0,166500
2.0,60.0,107000
4.0,174.0,252000
2.0,53.0,74150
4.0,97.0,194920
1.0,26.0,45000
3.0,92.0,263900
1.0,11.0,35800
2.0,82.0,107000
3.0,57.0,145000
2.0,49.0,69000
3.0,91.0,727888
3.0,52.0,125000
2.0,50.0,105000
3.0,74.0,185000
3.0,68.0,142800
4.0,90.0,225000
4.0,178.0,250000
12.0,315.0,1260000
5.0,172.0,350000
1.0,28.0,81000
2.0,80.0,115000
3.0,59.0,95000
3.0,66.0,129900
3.0,63.0,98000
2.0,60.0,156000
2.0,47.0,114800
3.0,48.0,93000
4.0,110.0,242000
2.0,48.0,105600
4.0,84.0,155000
2.0,47.0,69000
2.0,72.0,135000
2.0,37.0,36000
2.0,54.48,173888
4.0,148.0,298500
2.0,36.0,36250
5.0,125.0,250000
4.0,91.0,260000
3.0,80.0,160000
5.0,245.0,761888
2.0,61.0,124900
3.0,75.0,151900
1.0,30.0,87000
3.0,64.3,165000
4.0,153.0,149500
2.0,65.0,100000
3.0,54.0,108000
2.0,84.0,130200
5.0,144.0,425000
3.0,87.0,149000
3.0,67.0,73700
3.0,73.0,195000
4.0,90.0,96000
3.0,83.0,79000
4.0,80.0,80000
3.0,67.53,131700
2.0,54.0,65000
2.0,54.0,160000
5.0,88.0,136400
2.0,50.0,149500
3.0,73.0,89000
4.0,71.0,96000
3.0,86.0,180000
3.0,63.0,164900
2.0,53.0,110000
5.0,104.0,349000
2.0,67.0,149900
4.0,74.0,153000
1.0,46.0,138680
3.0,81.0,138000
4.0,103.0,182000
2.0,61.0,102000
3.0,60.0,180000
4.0,113.0,353000
1.0,37.0,40000
5.0,115.0,134000
2.0,45.0,125000
2.0,62.0,101000
4.0,85.0,92000
2.0,40.0,40100
3.0,90.0,360000
3.0,110.0,330000
5.0,128.0,360000
3.0,80.0,185000
4.0,68.0,115000
1.0,33.0,38700
2.0,62.0,119000
3.0,64.0,64900
4.0,104.0,279000
3.0,65.0,88000
4.0,95.0,115000
2.0,33.0,42850
4.0,250.0,376000
3.0,71.0,140000
1.0,44.0,134900
1.0,22.0,12800
2.0,62.0,145700
2.0,64.0,179000
4.0,175.0,413340
2.0,88.0,150000
5.0,159.0,396650
2.0,42.0,59000
4.0,121.0,267212
2.0,42.0,125000
3.0,58.0,63800
3.0,62.0,94000
2.0,95.0,160000
1.0,19.0,40000
2.0,55.0,180000
2.0,58.0,107900
2.0,45.0,60000
4.0,92.0,155000
3.0,84.0,299000
4.0,100.0,115000
3.0,54.0,102000
4.0,121.0,367888
2.0,61.0,193888
2.0,58.0,150000
4.0,120.0,396000
1.0,28.0,59000
3.0,78.0,185000
3.0,64.0,185000
3.0,65.0,122000
2.0,60.0,130000
3.0,65.0,143000
1.0,25.0,34000
4.0,120.0,204000
3.0,68.0,130000
2.0,65.0,122000
5.0,114.0,175000
2.0,39.0,66500
3.0,80.0,48000
3.0,65.78,107017
4.0,94.0,145000
5.0,111.0,275000
1.0,20.0,55000
4.0,68.0,130000
5.0,168.0,450000
3.0,60.0,239900
1.0,38.0,39500
3.0,78.0,256888
3.0,81.0,139000
3.0,63.0,33000
3.0,75.0,225000
3.0,94.0,170000
0.0,33.0,58500
1.0,42.0,102000
6.0,110.0,96000
2.0,58.0,165900
4.0,126.0,360000
6.0,280.0,300000
2.0,55.0,184000
2.0,49.0,122000
5.0,116.0,290000
2.0,47.0,69000
3.0,70.0,98000
5.0,201.0,475000
2.0,65.0,81250
4.0,94.0,180000
3.0,70.0,189000
3.0,86.0,180000
4.0,57.0,108000
2.0,38.0,53200
3.0,132.0,300000
3.0,71.0,188000
4.0,106.0,205000
2.0,35.0,65000
4.0,59.0,64900
3.0,75.0,129802
1.0,40.0,107000
2.0,52.0,46000
4.0,92.0,230775
3.0,61.65,129465
3.0,68.0,140000
2.0,63.0,163000
4.0,84.0,164900
3.0,75.0,240888
2.0,45.0,49900
2.0,66.0,132000
3.0,58.0,169990
2.0,53.0,99000
4.0,83.0,285000
3.0,60.0,75000
2.0,41.0,95000
2.0,33.0,69900
2.0,34.0,57800
4.0,119.0,360000
5.0,155.0,160000
2.0,48.0,40000
2.0,50.0,100000
6.0,162.0,275000
1.0,44.0,85000
4.0,94.0,181700
4.0,104.0,219000
3.0,87.0,257888
2.0,47.0,120000
2.0,45.0,85000
3.0,46.0,89900
2.0,39.0,62000
3.0,71.0,92200
3.0,94.0,240000
3.0,67.0,132600
3.0,108.0,94000
3.0,83.0,150000
3.0,69.0,87500
5.0,120.0,229000
3.0,50.0,110000
4.0,170.0,314500
2.0,61.0,180888
5.0,150.0,160000
1.0,32.0,44770
2.0,52.0,85000
2.0,37.0,56425
6.0,211.0,385000
1.0,46.0,89000
3.0,47.0,65000
2.0,45.0,80000
6.0,523.0,950000
3.0,105.0,170000
3.0,60.0,148000
2.0,34.0,72500
3.0,100.0,129000
4.0,64.0,65000
2.0,40.78,66345
3.0,72.0,130000
2.0,60.0,120000
5.0,116.0,290000
2.0,53.0,116600
4.0,95.0,237500
3.0,150.0,159000
2.0,51.0,110000
3.0,95.0,250000
2.0,67.0,115000
4.0,88.0,220000
2.0,77.0,190000
3.0,102.0,330000
5.0,100.0,179000
3.0,73.0,217000
3.0,90.0,272888
2.0,44.0,125000
1.0,25.0,55500
2.0,43.0,100000
4.0,102.0,350000
4.0,98.0,260000
6.0,220.0,299000
5.0,125.0,220000
2.0,46.0,94000
3.0,62.0,159000
2.0,60.0,74000
3.0,98.0,271000
4.0,79.0,179000
3.0,66.0,104900
3.0,64.0,86535
2.0,58.0,106900
1.0,32.0,45000
2.0,68.0,72000
2.0,36.0,89000
3.0,84.0,178600
2.0,36.0,45000
2.0,120.0,275000
2.0,59.0,160000
3.0,87.0,304888
2.0,66.0,95000
4.0,88.0,176000
2.0,73.0,189500
3.0,82.0,239888
4.0,121.0,129000
4.0,88.0,169000
2.0,43.0,77520
2.0,65.0,98000
3.0,82.0,195500
3.0,65.0,180000
3.0,86.0,90000
2.0,51.0,127500
3.0,72.0,41500
3.0,67.0,200000
2.0,45.0,65400
4.0,103.0,180000
2.0,70.0,122500
3.0,96.0,204000
3.0,80.0,135000
4.0,65.0,77000
3.0,58.0,116000
1.0,31.0,128000
2.0,50.0,54000
3.0,75.0,235000
4.0,101.0,277000
4.0,127.0,215000
3.0,72.0,185000
4.0,70.0,168000
2.0,49.0,42000
2.0,31.0,46000
3.0,128.0,358400
4.0,100.0,253990
3.0,88.0,105000
2.0,51.0,105000
3.0,66.0,122000
3.0,97.0,215600
2.0,55.0,160888
4.0,86.0,147000
4.0,106.0,185000
5.0,198.0,350000
3.0,80.0,160000
2.0,62.0,135000
3.0,65.0,195000
4.0,106.0,222600
2.0,51.0,110000
4.0,116.0,289000
2.0,34.0,89000
3.0,69.0,125000
3.0,83.0,187850
5.0,118.0,135000
3.0,60.37,139450
4.0,115.0,175000
3.0,80.0,176000
4.0,74.0,135000
4.0,76.0,97900
2.0,57.0,95000
3.0,100.0,299000
2.0,57.0,140000
2.0,46.0,95000
3.0,77.0,175300
3.0,50.0,153000
4.0,120.0,290000
3.0,56.0,61600
1.0,33.0,35000
3.0,54.0,49000
4.0,92.31,221500
2.0,32.0,31000
4.0,94.0,225024
4.0,106.8,288360
3.0,75.0,160000
3.0,103.0,269000
3.0,74.0,115990
3.0,92.0,237800
4.0,94.0,170000
4.0,115.0,320000
5.0,220.0,425000
3.0,70.0,147084
4.0,121.0,342000
3.0,80.0,245888
4.0,176.0,300000
3.0,63.0,126000
2.0,66.0,112000
2.0,49.0,107844
2.0,61.0,180000
3.0,52.0,58200
3.0,48.0,39900
2.0,55.0,63000
2.0,58.0,70000
3.0,62.0,156000
3.0,75.0,116000
3.0,52.0,44200
3.0,61.0,84100
2.0,45.0,110000
4.0,83.0,177900
5.0,120.0,264000
4.0,81.0,123000
5.0,285.0,550000
2.0,32.0,27000
3.0,58.0,149500
4.0,109.0,239000
2.0,56.0,40000
3.0,82.0,177000
4.0,123.0,398888
4.0,95.0,170064
2.0,45.0,130000
3.0,63.0,105000
1.0,30.0,36000
4.0,86.0,85000
3.0,61.0,100650
2.0,56.0,75000
4.0,98.63,207123
3.0,72.5,125425
2.0,66.0,66000
3.0,60.0,105600
3.0,59.0,86000
3.0,70.0,230000
5.0,120.0,319000
4.0,150.0,330000
4.0,104.0,230000
4.0,186.0,425000
1.0,20.0,100000
2.0,43.0,60200
4.0,81.0,133650
2.0,88.0,165000
1.0,45.0,68500
4.0,91.0,165000
2.0,45.0,63000
3.0,83.0,180000
1.0,41.0,68900
3.0,75.0,74500
4.0,125.0,288000
4.0,127.0,215000
4.0,67.0,127500
4.0,103.0,257500
2.0,61.0,199888
1.0,30.0,125000
3.0,74.0,115000
2.0,65.0,100000
3.0,82.0,137000
4.0,110.0,235000
4.0,102.0,239000
4.0,85.0,175000
3.0,59.0,105000
2.0,41.0,125000
3.0,72.0,65000
3.0,72.0,140200
4.0,115.0,239900
4.0,148.0,279999
4.0,95.0,159000
3.0,64.0,75000
3.0,88.0,182000
3.0,59.0,105000
3.0,179.0,670000
3.0,90.0,239000
3.0,102.0,56000
2.0,60.0,73000
2.0,51.0,95000
1.0,28.0,65000
3.0,74.0,185000
2.0,50.0,60000
4.0,103.0,225000
2.0,45.0,57900
3.0,67.0,91000
4.0,120.0,254900
4.0,103.0,177000
3.0,106.0,371000
3.0,76.0,205000
1.0,58.99,176888
2.0,49.0,97000
2.0,54.0,103000
2.0,41.0,119000
5.0,143.0,260000
2.0,41.0,128000
2.0,35.0,29500
2.0,42.0,55000
2.0,74.0,205000
3.0,78.0,210000
2.0,42.0,125000
3.0,67.0,140000
2.0,55.0,93000
4.0,95.93,169000
2.0,66.0,170000
4.0,83.0,285000
3.0,73.0,39900
3.0,59.0,72000
2.0,40.0,80000
3.0,124.0,315000
3.0,45.0,55000
2.0,51.0,63500
5.0,135.0,480000
4.0,75.0,165000
3.0,86.0,220000
1.0,32.0,16000
2.0,40.0,79000
2.0,45.0,117000
3.0,66.0,83000
2.0,74.0,595888
2.0,77.0,230000
5.0,137.0,180000
3.0,97.0,239000
4.0,132.0,304600
1.0,27.0,37800
2.0,75.41,210888
1.0,28.0,52000
3.0,79.0,282888
2.0,55.0,149500
1.0,36.0,72000
3.0,72.0,72000
3.0,70.0,102000
5.0,154.0,250000
4.0,139.0,280000
2.0,41.0,82000
2.0,53.0,90000
1.0,40.0,78900
5.0,106.0,195000
2.0,34.0,32000
4.0,104.0,200000
3.0,70.0,108900
2.0,39.0,120000
5.0,116.0,195000
1.0,23.0,38000
3.0,67.0,114900
2.0,54.0,104900
3.0,77.0,195000
3.0,65.0,195000
2.0,48.0,63500
2.0,59.0,105000
2.0,87.5,157500
3.0,68.0,68000
1.0,25.0,75000
2.0,58.0,115000
2.0,66.0,130000
3.0,40.0,44000
3.0,74.0,162800
4.0,137.0,310000
4.0,106.0,371000
3.0,61.0,90900
3.0,79.0,262888
3.0,48.0,57600
4.0,75.0,95000
2.0,60.0,39000
2.0,60.0,120000
3.0,70.0,115500
1.0,40.0,36000
1.0,20.0,28000
4.0,83.0,228000
3.0,50.0,82000
3.0,88.0,185000
4.0,98.0,182000
4.0,75.0,152000
3.0,83.0,188800
4.0,116.0,199000
2.0,40.0,68000
4.0,79.0,135000
2.0,54.0,103000
2.0,39.0,85000
4.0,95.0,79000
3.0,93.0,250000
0.0,24.0,31200
4.0,155.0,545000
4.0,70.0,65000
3.0,54.0,70000
4.0,98.0,245000
3.0,50.0,74000
3.0,93.0,105000
3.0,59.0,42000
3.0,85.0,145000
4.0,100.0,110000
1.0,25.0,69000
2.0,33.0,38000
3.0,66.0,85000
2.0,52.0,74900
1.0,35.0,63000
4.0,84.0,137000
2.0,62.0,119000
2.0,65.0,178750
1.0,24.0,25000
4.0,115.0,139000
4.0,95.0,145000
2.0,50.0,69000
2.0,47.0,72000
3.0,69.0,110000
3.0,86.0,269000
1.0,8.0,17000
4.0,90.0,198000
4.0,88.72,180000
4.0,135.0,365000
3.0,68.0,135000
4.0,91.0,189000
6.0,169.0,256143
1.0,108.0,250000
4.0,101.0,363000
4.0,113.0,195000
1.0,40.0,90000
4.0,120.0,182000
2.0,61.0,154000
3.0,79.0,228888
3.0,55.0,63000
4.0,117.0,180000
2.0,61.0,165000
4.0,83.0,287000
3.0,92.0,310000
3.0,52.0,35000
3.0,70.0,100000
4.0,98.0,210000
2.0,56.0,110000
2.0,44.0,62000
4.0,87.0,225000
1.0,40.0,110000
3.0,90.0,94500
4.0,117.0,180000
3.0,91.0,245000
2.0,76.0,170000
4.0,80.0,200000
3.0,65.0,160000
3.0,58.0,164900
5.0,420.0,550000
3.5,64.0,129000
2.0,41.0,128000
3.0,67.0,200000
5.0,100.0,220000
3.0,62.0,119000
1.0,16.0,42000
2.0,70.0,175000
2.0,52.0,143000
1.0,21.0,32000
4.0,105.0,210000
3.0,72.0,124900
4.0,130.0,143000
4.0,131.0,285000
3.0,65.0,137500
3.0,102.62,277074
4.0,80.0,110000
3.0,62.0,120000
4.0,115.0,129900
2.0,66.0,112000
2.0,42.0,125000
4.0,91.0,191000
3.0,120.0,102000
4.0,98.25,192000
3.0,73.0,146000
4.0,106.0,222285
3.0,97.0,305000
2.0,61.0,90000
2.0,64.0,130000
3.0,102.0,229900
3.0,64.0,65000
3.0,82.0,148000
1.0,20.0,38000
2.0,60.0,75000
6.0,208.0,297000
4.0,100.0,120000
3.0,58.0,62000
2.0,42.0,68000
2.0,49.0,69000
4.0,100.0,199500
4.0,90.0,133000
4.0,92.0,220000
5.0,206.0,900000
4.0,132.0,180000
3.0,74.0,164000
2.0,50.0,112000
2.0,51.0,105000
2.0,66.0,112000
5.0,137.0,351098
3.0,91.0,199000
4.0,62.0,113460
3.0,74.0,159000
2.0,56.0,215000
4.0,121.0,129000
1.0,37.0,31500
1.0,39.0,99500
4.0,66.0,90000
2.0,60.0,174900
1.0,34.0,13500
2.0,48.0,130000
1.0,38.0,70500
3.0,100.0,200000
4.0,120.0,114000
3.0,108.0,255000
4.0,150.0,380000
3.0,104.0,235000
4.0,90.0,175000
5.0,91.0,260000
4.0,188.0,289000
2.0,37.0,75000
5.0,150.0,270000
2.0,48.0,91200
1.0,48.0,130000
2.0,45.0,64900
4.0,88.0,150000
2.0,50.0,51500
2.0,53.0,89970
3.0,81.0,160000
3.0,67.0,120600
3.0,71.0,179000
3.0,72.0,135000
4.0,71.0,85900
4.0,91.0,139900
3.0,60.0,68000
3.0,143.0,203750
1.0,35.0,107000
4.0,87.0,100000
3.0,112.0,300000
3.0,72.0,189000
2.0,38.0,50000
2.0,67.0,151000
2.0,61.0,138000
2.0,65.0,180000
4.0,72.0,129900
4.0,114.0,139000
2.0,53.0,1300
4.0,108.0,200000
4.0,102.0,235000
2.0,53.0,175000
4.0,80.0,62000
1.0,35.0,79000
2.0,28.0,62900
4.0,100.0,230000
3.0,79.0,229888
3.0,72.0,140000
3.0,68.0,159000
1.0,39.0,57000
2.0,46.0,58900
2.0,56.0,77840
2.0,71.0,130000
3.0,55.0,89900
2.0,43.0,45000
2.0,49.0,48510
4.0,87.0,99900
4.0,94.0,141000
4.0,111.0,341888
3.0,67.0,140000
4.0,114.0,228000
4.0,104.0,250000
3.0,76.0,160000
1.0,32.0,80000
2.0,45.0,125000
4.0,71.0,135000
2.0,55.0,105000
2.0,50.0,82000
4.0,87.0,150752
2.0,56.0,71900
4.0,98.0,239000
4.0,96.0,180000
3.0,74.0,117000
2.0,60.0,129000
3.0,74.0,170940
3.0,69.0,190000
2.0,70.0,178000
2.0,36.0,36720
3.0,99.0,356400
4.0,86.0,172000
3.0,98.0,350000
3.0,64.0,185000
1.0,30.0,55000
2.0,70.0,125000
1.0,26.0,52170
3.0,150.0,298708
2.0,66.0,112000
2.0,44.0,105000
1.0,40.0,212000
2.0,65.0,95000
4.0,119.0,1850
3.0,65.0,109500
3.0,70.0,140000
3.0,95.0,400000
3.0,63.0,165000
4.0,73.0,96900
3.0,79.0,147000
4.0,192.0,650000
3.0,65.0,105000
2.0,45.0,65200
4.0,109.16,246180
3.0,72.0,140400
2.0,39.0,84500
1.0,36.0,160000
3.0,67.0,117617
5.0,140.0,360000
2.0,74.0,70000
4.0,91.0,190000
4.0,119.0,148900
1.0,32.0,34000
4.0,123.0,171500
2.0,40.0,55000
1.0,36.0,67000
4.0,100.0,270000
3.0,77.0,133000
3.0,111.0,225000
2.0,42.0,74700
2.0,44.0,79000
2.0,70.0,140000
4.0,87.0,119000
4.0,89.41,155278
3.0,54.0,71000
3.0,74.0,230000
3.0,94.0,216000
3.0,77.0,122000
2.0,54.0,55000
4.0,133.0,245000
3.0,78.0,136500
2.0,53.0,61000
3.0,58.0,100000
3.0,85.0,236888
2.0,55.0,63200
3.0,83.0,199000
3.0,70.0,67000
2.0,54.0,122000
4.0,191.0,420000
2.0,56.0,72000
1.0,24.0,32000
3.0,63.0,105000
3.0,62.0,210000
5.0,119.0,189000
3.0,74.0,110000
4.0,110.0,286000
2.0,38.0,124000
5.0,143.0,500000
3.0,119.0,165000
1.0,34.0,65000
3.0,99.0,166600
1.0,40.0,110000
4.0,76.0,148000
1.0,32.0,94000
2.0,64.0,82000
3.0,54.0,108000
2.0,71.0,155000
3.0,85.0,220000
6.0,134.22,160000
2.0,55.0,35750
5.0,145.0,145000
4.0,114.0,179000
10.0,200.0,540000
3.0,99.0,219000
4.0,85.0,169900
4.0,116.0,289000
4.0,96.0,200000
3.0,78.0,195000
1.0,58.99,180888
2.0,65.0,110000
2.0,50.0,51000
1.0,49.0,73500
2.0,61.0,114900
3.0,67.0,138000
4.0,100.0,330000
3.0,109.0,299000
5.0,129.0,189000
3.0,70.0,115500
5.0,158.0,395000
4.0,93.0,220000
1.0,58.81,173888
2.0,49.0,149500
1.0,39.0,50000
5.0,129.0,185000
2.0,57.0,113000
3.0,92.0,220000
4.0,100.0,125000
1.0,45.0,117000
4.0,162.0,1359888
6.0,127.0,140000
4.0,104.0,230000
3.0,72.0,150000
4.0,132.0,289982
2.0,52.0,105000
2.0,60.0,115000
1.0,35.0,45000
1.0,24.0,59900
2.0,64.0,124900
3.0,98.0,245000
4.0,102.0,249900
3.0,72.0,140400
4.0,110.0,320000
4.0,70.0,75000
3.0,67.0,168000
2.0,42.0,49000
2.0,51.0,45000
3.0,60.0,200000
1.0,32.0,116000
2.0,57.0,56000
4.0,116.0,290000
3.0,75.0,102000
2.0,60.0,120000
3.0,150.0,330000
4.0,190.0,470000
3.0,62.0,145000
4.0,80.0,164492
3.0,56.0,65000
2.0,66.0,119000
1.0,51.0,72000
2.0,58.0,172888
3.0,109.0,299000
4.0,90.0,175000
2.0,47.0,145000
2.0,65.0,110000
3.0,87.0,157000
1.0,55.2,162888
2.0,42.0,44900
4.0,95.11,228200
2.0,56.0,135000
4.0,105.0,229000
2.0,45.0,40900
2.0,55.0,82500
2.0,50.0,155000
3.0,56.0,140000
6.0,120.0,342500
4.0,118.0,224000
6.0,146.0,160000
1.0,18.0,38000
2.0,61.0,204900
2.0,63.0,320000
2.0,48.0,107910
3.0,69.0,145000
2.0,59.0,130000
3.0,72.0,221888
4.0,74.0,111000
5.0,209.0,649888
4.0,90.0,158900
2.0,75.0,205000
3.0,49.0,56350
3.0,93.0,199000
3.0,51.0,122000
3.0,61.0,118000
1.0,41.0,107000
3.0,60.0,107000
3.0,65.0,68000
2.0,46.0,42000
2.0,40.0,65000
3.0,50.0,105000
4.0,180.0,305000
3.0,86.0,269000
2.0,53.0,125000
4.0,94.0,130000
2.0,61.0,87000
3.0,74.0,163000
3.0,80.0,185000
4.0,85.0,180000
2.0,59.0,2273
2.0,36.0,70000
3.0,113.0,180000
2.0,51.0,132000
2.0,41.0,79000
3.0,91.0,155000
3.0,128.0,332800
5.0,148.0,360000
4.0,140.0,270000
2.0,58.0,109000
4.0,94.0,195000
4.0,117.0,196000
3.0,89.0,129000
1.0,31.0,84500
2.0,40.0,32000
3.0,71.0,96500
3.0,94.0,240000
3.0,117.0,157950
4.0,126.0,360000
3.0,60.0,78000
4.0,87.0,150000
5.0,80.0,94900
2.0,32.0,85900
4.0,107.0,300000
2.0,66.0,115000
3.0,80.0,185000
5.0,138.0,325000
3.0,56.62,65110
3.0,76.0,250800
1.0,31.0,47500
5.0,101.0,265000
4.0,130.0,324900
1.0,15.0,22000
5.0,223.0,849000
3.0,60.0,105000
2.0,66.0,127000
3.0,75.0,69000
3.0,61.0,95000
1.0,39.0,98000
2.0,85.0,174000
4.0,183.0,180000
2.0,60.0,180000
4.0,90.0,85000
2.0,46.0,83000
1.0,31.0,37000
2.0,30.0,52000
3.0,51.0,127000
4.0,72.0,130000
3.0,53.0,70000
1.0,30.0,30000
3.0,56.0,101700
2.0,55.0,156299
3.0,65.0,113000
3.0,73.0,103500
2.0,64.0,179000
3.0,80.0,178000
3.0,88.0,155000
2.0,35.0,72500
2.0,40.0,105000
3.0,76.0,155500
4.0,119.0,290000
5.0,136.0,482800
4.0,81.0,157600
2.0,53.0,35000
2.0,55.0,184000
2.0,66.0,132000
1.0,52.0,87000
2.0,66.0,110900
3.0,52.0,78000
3.0,150.0,280000
3.0,80.0,175000
4.0,85.0,145000
3.0,80.0,140000
1.0,30.0,87000
4.0,80.0,189400
3.0,64.0,139000
5.0,183.0,586888
9.0,221.0,795000
2.0,64.0,89900
4.0,133.0,400000
4.0,107.0,320000
7.0,186.0,290000
4.0,110.0,97000
3.0,120.0,295000
3.0,68.0,117692
2.0,49.0,69000
4.0,140.0,450000
3.0,66.0,204000
1.0,41.0,82000
4.0,90.0,198000
1.0,32.0,78000
3.0,79.0,244888
4.0,100.0,199500
2.0,69.0,139000
3.0,66.0,105900
2.0,43.0,79200
4.0,114.0,156000
4.0,109.0,196000
3.0,58.0,155000
3.0,78.0,210000
1.0,31.0,76500
4.0,142.0,240000
1.0,14.0,33500
2.0,55.0,135000
3.0,66.0,120000
2.0,42.0,57280
2.0,45.0,130000
3.0,58.0,97500
3.0,60.0,80800
3.0,70.0,65000
4.0,90.0,85000
1.0,23.0,33500
3.0,79.0,164000
1.0,41.0,89000
2.0,67.0,109500
2.0,44.0,125000
2.0,57.0,136400
3.0,78.0,168000
5.0,134.0,160000
2.0,45.0,58500
3.0,47.0,125000
3.0,62.0,135000
3.0,87.0,179000
2.0,54.0,55000
4.0,128.0,185000
2.0,36.0,47000
2.0,28.0,68000
2.0,53.0,98000
2.0,40.0,128000
3.0,65.0,179900
4.0,106.0,235000
2.0,45.0,38500
1.0,26.0,50000
2.0,46.0,115000
4.0,162.0,1359888
1.0,41.0,110000
4.0,78.0,65000
2.0,35.0,35000
3.0,121.0,330000
2.0,54.0,91800
3.0,77.0,122000
3.0,65.0,119900
3.0,94.0,112000
2.0,23.0,75000
3.0,47.0,74000
3.0,59.0,235000
4.0,80.0,98000
2.0,55.0,99000
2.0,49.0,68000
4.0,83.0,130000
2.0,41.0,90000
2.0,51.0,106000
3.0,55.0,115000
3.0,60.0,78000
2.0,48.0,84000
2.0,65.0,120000
3.0,64.0,112000
1.0,30.0,75000
3.0,59.0,72000
2.0,56.0,162888
2.0,41.0,90000
4.0,93.0,182000
3.0,74.0,146000
3.0,64.0,127900
1.0,47.0,79900
3.0,69.0,63000
3.0,94.0,179000
1.0,38.0,84000
4.0,115.0,175000
4.0,138.0,550000
3.0,76.0,119000
1.0,41.0,102500
7.0,160.0,440000
2.0,42.0,90000
2.0,44.0,90000
2.0,20.0,38000
2.0,53.0,47000
4.0,120.0,319000
3.0,74.0,159000
3.0,74.0,126000
4.0,157.0,400000
4.0,113.0,147000
4.0,82.0,245000
4.0,107.0,350000
3.0,47.0,93000
3.0,104.0,230000
3.0,137.0,130000
2.0,26.0,53000
3.0,61.0,69900
1.0,36.0,95000
2.0,68.0,139000
3.0,125.0,265000
4.0,110.0,95000
3.0,54.0,65000
4.0,65.0,89000
2.0,50.0,82000
1.0,33.0,38000
5.0,153.0,350000
4.0,69.0,119000
3.0,81.05,259000
2.0,40.0,30000
4.0,91.0,189000
2.0,60.0,107000
1.0,37.0,65000
1.0,29.0,46500
3.0,77.0,175300
2.0,65.0,95000
3.0,60.0,55000
3.0,61.0,91000
3.0,91.0,135000
3.0,50.0,49900
2.0,58.0,119900
3.0,63.0,165000
3.0,57.05,128360
3.0,65.0,145000
3.0,68.0,75000
3.0,72.0,168391
3.0,91.0,199000
2.0,48.0,155000
3.0,77.0,68000
5.0,110.0,138000
2.0,58.0,112000
4.0,125.0,399000
1.0,32.0,64000
4.0,166.0,500000
4.0,92.0,279900
4.0,69.0,129000
4.0,113.0,147000
3.0,85.0,280888
2.0,50.0,72000
2.0,56.0,76000
2.0,49.0,79900
5.0,180.0,495000
3.0,77.0,119000
3.0,63.0,120000
4.0,102.0,52900
6.0,132.0,170000
2.0,59.0,145000
4.0,133.0,500000
3.0,62.0,86800
2.0,66.0,91000
2.0,44.0,57200
2.0,40.0,68000
2.0,62.0,183000
3.0,67.0,73700
1.0,27.0,37800
3.0,56.0,59600
4.0,86.0,80000
4.0,94.0,160000
4.0,115.0,129900
3.0,60.0,81000
3.0,50.0,57000
3.0,74.0,102000
2.0,57.0,117000
3.0,90.0,217700
4.0,111.0,189000
4.0,115.0,460000
2.0,66.0,109500
1.0,36.0,75000
3.0,75.0,102000
3.0,66.0,85000
4.0,86.0,255000
3.0,95.0,235000
3.0,52.0,54000
3.0,51.0,77000
3.0,71.0,195888
2.0,52.0,84500
2.0,42.0,50000
2.0,66.0,138000
3.0,89.0,145000
4.0,88.0,307000
3.0,65.0,118000
5.0,116.0,243600
4.0,112.0,350000
3.0,81.0,157950
4.0,94.0,180000
5.0,109.0,250700
3.0,74.0,140000
9.0,221.0,3600
2.0,34.0,49980
2.0,60.0,107000
2.0,42.0,38000
3.0,83.0,180000
3.0,100.0,46000
1.0,23.0,54000
4.0,87.0,125000
2.0,48.0,95000
3.0,50.0,110000
3.0,183.0,380000
4.0,99.0,70000
3.0,52.0,58000
2.0,60.0,99500
3.0,78.0,185000
3.0,83.0,238000
1.0,38.0,60000
3.0,56.0,76000
3.0,61.0,84900
3.0,62.0,150000
3.0,79.0,129000
3.0,67.0,94000
2.0,100.0,270000
4.0,100.0,193000
5.0,110.0,88000
2.0,45.0,110000
3.0,68.0,134900
3.0,65.0,184900
2.0,108.0,69900
3.0,57.0,87500
3.0,87.0,200000
2.0,50.0,65000
3.0,71.0,95000
3.0,98.0,199000
2.0,50.0,46000
4.0,72.0,120000
3.0,65.0,112000
2.0,51.0,110000
4.0,67.0,128000
4.0,153.0,199000
4.0,145.0,355000
2.0,45.0,76600
3.0,55.0,93000
4.0,101.0,250000
4.0,124.0,510000
4.0,148.0,459600
3.0,60.0,90000
3.5,68.0,118000
2.0,33.0,85000
2.0,74.0,604888
1.0,20.0,52500
2.0,55.0,112200
4.0,93.0,246000
2.0,62.0,135000
2.0,54.0,167888
1.0,28.0,65000
2.0,35.15,47700
3.0,90.0,278888
3.0,71.0,135500
4.0,102.0,235000
3.0,50.0,133000
3.0,57.0,85500
2.0,42.0,46200
3.0,64.0,93000
2.0,60.0,129000
4.0,92.0,155000
3.0,59.0,136400
3.0,75.0,151900
3.0,75.0,192000
2.0,77.0,120000
3.0,55.0,110000
3.0,125.0,265000
4.0,72.0,150000
3.0,43.0,128000
4.0,78.86,145891
5.0,160.0,650000
1.0,30.0,36000
3.0,205.0,600000
2.0,49.0,69000
2.0,60.0,145000
2.0,54.0,54000
3.0,82.0,136000
4.0,104.0,265200
3.0,84.0,350000
2.0,83.0,185000
5.0,112.0,180000
1.0,38.0,89000
2.0,60.0,37000
5.0,150.0,280500
2.0,47.0,94000
2.0,74.0,70000
4.0,110.0,193000
1.0,19.0,17500
4.0,54.0,75000
2.0,43.0,78000
2.0,58.0,107000
4.0,88.0,290000
4.0,125.0,399000
2.0,59.0,79000
2.0,40.0,25000
1.0,22.0,28000
4.0,105.0,145000
4.0,111.0,326888
2.0,58.0,70000
3.0,60.0,68000
2.0,46.0,89900
2.0,62.0,475888
4.0,149.0,345000
2.0,39.83,47750
2.0,38.0,53200
3.0,84.0,68000
4.0,101.0,205000
5.0,127.0,390000
3.0,73.0,75000
2.0,42.0,128000
2.0,57.0,172888
3.0,53.0,55000
2.0,36.0,88400
4.0,93.0,109000
3.0,70.0,200000
2.0,40.0,128000
2.0,38.0,53000
4.0,102.0,255000
4.0,91.0,135000
3.0,79.0,147000
3.0,43.0,135000
3.0,80.0,223000
6.0,212.0,265000
3.0,62.0,124000
2.0,43.0,36000
1.0,24.0,40000
4.0,151.0,1263888
2.0,62.0,180000
3.0,89.0,220000
3.0,63.0,79000
2.0,46.0,103500
2.0,58.0,134900
2.0,50.0,129000
2.0,89.0,188000
4.0,83.0,214000
2.0,41.0,53000
4.0,125.0,399000
1.0,28.0,65000
3.0,80.0,235000
2.0,50.0,99000
4.0,143.0,278000
4.0,94.0,220000
5.0,167.0,650000
3.0,80.0,150000
3.0,72.0,208000
3.0,122.0,260000
2.0,56.0,67000
2.0,80.0,80000
3.0,76.0,73000
4.0,96.0,181000
3.0,42.0,76500
3.0,69.0,138000
5.0,260.0,390000
4.0,108.0,270000
3.0,72.0,140200
4.0,125.0,205000
2.0,56.0,95000
4.0,76.0,154900
2.0,55.0,63000
1.0,18.0,56000
4.0,112.0,175000
3.0,75.0,69000
2.0,54.0,154888
5.0,100.0,150000
3.0,52.0,107500
2.0,47.0,126000
3.0,102.0,410000
1.0,34.0,37500
4.0,109.0,282450
3.0,76.0,155000
4.0,146.0,345000
3.0,104.0,230000
3.0,77.0,169900
2.0,54.0,54000
3.0,77.0,74000
3.0,60.0,92500
4.0,94.0,350000
4.0,79.0,237000
4.0,93.0,279900
3.0,62.0,105000
3.0,150.0,298708
5.0,160.0,440000
2.0,47.0,44650
2.0,38.83,46596
2.0,66.0,106000
3.0,83.0,76000
2.0,58.0,112200
2.0,38.0,60000
3.0,94.0,80000
4.0,219.0,854000
2.0,54.0,80000
3.0,103.0,235000
3.0,80.0,156900
3.0,87.0,174000
4.0,137.0,340000
4.0,100.0,225000
4.0,75.0,169000
3.0,53.0,49500
3.0,86.0,180000
1.0,21.0,26000
1.0,41.0,63000
4.0,92.0,189000
3.0,64.0,82000
3.0,92.0,119000
5.0,96.0,275000
3.0,87.0,180000
2.0,66.0,135000
3.0,74.0,113000
3.0,55.0,132000
3.0,91.0,270888
4.0,131.0,341000
4.0,116.0,374888
3.0,77.0,225888
2.0,54.82,126634
2.0,75.0,55700
3.0,92.0,119000
3.0,79.0,129000
4.0,106.0,319000
2.0,68.0,159000
4.0,179.0,447500
2.0,51.0,110000
4.0,118.0,310000
2.0,75.0,110000
3.0,80.0,258888
3.0,96.0,72000
2.0,57.0,59000
3.0,67.0,180900
2.0,48.0,67570
3.0,55.0,55000
4.0,126.0,360000
3.0,65.0,99000
4.0,90.0,225000
2.0,57.0,110000
4.0,100.0,89900
3.0,59.0,72000
1.0,67.0,38000
3.0,51.0,70950
2.0,46.0,60000
3.0,64.0,56000
6.0,162.0,235000
7.0,160.0,440000
2.0,40.0,66000
2.0,73.0,210000
5.0,132.0,90000
3.0,80.0,260888
1.0,40.0,110000
3.0,78.0,149000
3.0,101.0,161600
2.0,49.0,110000
3.0,91.0,135000
3.0,80.0,285888
2.0,78.0,106800
4.0,107.0,250000
4.0,86.0,93000
3.0,50.0,100000
2.0,47.0,108000
3.0,78.0,230888
2.0,45.0,110000
4.0,104.0,275000
2.0,45.0,110000
3.0,68.0,175000
2.0,48.0,96000
4.0,133.0,400000
3.0,79.0,128000
4.0,92.0,100000
2.0,35.0,33000
3.0,51.0,99000
3.0,65.0,100000
3.0,66.0,111999
5.0,150.0,299000
3.0,97.0,130000
3.0,84.0,178600
1.0,34.0,75000
2.0,46.0,42780
4.0,350.82,1380000
3.0,104.0,160000
3.0,50.0,75000
4.0,91.0,245000
3.0,60.0,174000
3.0,52.0,130000
2.0,58.0,106900
3.0,77.0,130724
2.0,49.0,2500
2.0,47.27,70500
4.0,115.0,150000
2.0,49.0,94000
3.0,80.0,210000
2.0,55.0,71500
1.0,37.0,59000
3.0,70.0,145000
2.0,48.0,113000
3.0,133.0,346000
2.0,63.0,145000
4.0,75.0,170000
3.0,89.0,195000
4.0,75.0,325000
3.0,105.0,189000
6.0,223.0,350000
3.0,47.0,88825
2.0,43.0,82000
4.0,115.0,150000
4.0,126.0,198950
3.0,29.0,69000
3.0,140.0,420000
7.0,198.0,390000
2.0,48.0,144000
2.0,60.0,106000
4.0,94.0,97000
3.0,64.0,138000
2.0,40.0,95000
4.0,115.0,460000
3.0,75.0,133000
5.0,105.0,195000
3.0,80.0,180000
2.0,52.0,139900
2.0,49.0,117000
1.0,40.0,84000
2.0,42.0,54180
2.0,43.0,56000
4.0,68.0,159000
4.0,58.0,125000
2.0,75.0,159000
2.0,55.0,134900
2.0,55.0,167888
2.0,84.0,197000
2.0,54.0,103000
2.0,50.0,75000
4.0,100.0,330000
2.0,36.0,77500
3.0,67.0,168000
3.0,69.0,139000
3.0,55.0,126500
3.0,58.0,103700
3.0,63.0,165000
1.0,30.0,68200
2.0,42.0,54000
3.0,120.0,219000
3.0,66.0,109000
3.0,65.0,137500
4.0,105.0,315000
3.0,91.0,157000
3.0,65.0,62220
2.0,44.0,77000
3.0,64.25,134000
3.0,121.0,243000
4.0,185.0,546360
3.0,91.0,140000
2.0,50.0,91000
3.0,79.0,110000
3.0,70.0,160000
4.0,121.0,387888
2.0,50.0,107000
4.0,133.0,400000
3.0,72.0,133000
4.0,78.0,190000
3.0,52.0,57000
3.0,76.0,155000
3.0,62.0,135000
2.0,43.0,130000
3.0,71.0,110000
3.0,126.0,189000
4.0,103.0,205000
3.0,107.0,130000
2.0,66.0,214000
5.0,175.0,185000
2.0,68.0,139000
4.0,126.0,360000
3.0,74.0,113000
1.0,34.0,119000
3.0,69.0,120000
3.0,120.0,219000
3.0,64.0,54500
3.0,61.0,110000
2.0,50.0,72000
4.0,111.0,355888
2.0,31.0,125000
1.0,35.0,110000
4.0,92.0,209000
3.0,131.0,341000
3.0,75.0,142500
3.0,78.0,185000
4.0,89.0,174000
2.0,55.0,189000
2.0,41.0,128000
2.0,60.0,77000
5.0,140.0,248000
1.0,30.0,87000
4.0,59.0,64900
2.0,53.0,62000
2.0,58.0,179000
3.0,105.0,422888
2.0,58.0,89000
4.0,103.0,205000
2.0,41.0,95000
3.0,75.0,146500
5.0,124.0,189000
3.0,90.0,190000
3.0,75.03,129802
2.0,54.0,179888
4.0,113.0,204000
1.0,40.0,78900
4.0,172.0,665888
4.0,115.0,175000
3.0,65.0,170000
4.0,114.0,299000
5.0,105.0,189000
3.0,80.0,155000
2.0,61.0,96000
4.0,95.0,182000
3.0,74.0,200000
2.0,47.0,103500
2.0,68.0,125000
4.0,78.0,174900
2.0,46.0,134900
2.0,65.0,110000
1.0,29.0,47000
5.0,275.0,750000
3.0,88.0,160600
4.0,96.0,99000
1.0,34.0,90000
2.0,57.0,155000
5.0,80.0,160000
2.0,45.0,128000
3.0,69.0,182850
3.0,60.0,174000
4.0,126.0,429888
2.0,56.0,87000
3.0,50.0,115400
3.0,86.93,304888
2.0,50.0,99000
4.0,95.0,58000
3.0,67.0,87000
4.0,88.0,204000
1.0,45.0,46000
3.0,76.0,139900
2.0,51.0,110000
4.0,98.0,205000
1.0,22.0,82000
3.0,55.0,110000
4.0,94.0,180000
2.0,41.0,95000
3.0,94.0,303888
4.0,115.0,320000
2.0,56.0,215000
2.0,36.0,90000
2.0,56.0,128000
4.0,99.0,240000
4.0,94.0,190000
3.0,82.0,69000
2.0,44.0,74500
2.0,54.0,175888
4.0,93.0,90000
3.0,63.0,205000
2.0,50.0,129000
1.0,30.0,73500
3.0,52.0,72000
2.0,41.0,69000
4.0,80.0,165000
3.0,60.0,59900
4.0,91.0,240000
2.0,73.0,150000
2.0,45.0,65000
4.0,90.0,199000
3.0,78.0,85000
2.0,82.0,220000
2.0,55.0,162888
2.0,60.0,73000
3.0,92.0,270888
2.0,35.0,39500
5.0,105.0,399000
4.0,83.0,170000
3.0,88.0,80000
3.0,66.0,109000
2.0,60.0,66000
3.0,90.0,35000
2.0,50.0,109900
1.0,33.0,37900
3.0,77.0,240000
3.0,72.0,189990
2.0,70.0,108500
4.0,123.0,409888
3.0,68.0,134900
2.0,77.0,230000
3.0,70.0,115500
2.0,59.0,131600
3.0,83.0,199000
4.0,100.0,279900
2.0,55.0,113950
4.0,69.0,215000
2.0,40.0,82000
2.0,70.0,145000
4.0,101.0,270000
5.0,138.0,590000
3.0,64.0,130000
3.0,78.0,256888
4.0,145.0,355000
3.0,50.0,107000
4.0,150.0,495000
3.0,49.0,124000
3.0,73.0,146000
3.0,60.0,74000
4.0,127.0,510000
4.0,91.0,149000
2.0,38.0,145000
5.0,120.0,319000
3.0,109.0,295000
1.0,41.0,107000
1.0,27.0,36000
2.0,38.0,70000
5.0,113.0,295000
3.0,95.0,249990
3.0,86.0,210000
3.0,56.0,40000
5.0,75.0,67000
3.0,75.0,66990
3.0,53.0,130000
3.0,81.0,49000
3.0,79.0,120000
3.0,158.0,280000
2.0,55.0,126500
4.0,88.0,150000
2.0,51.0,97000
3.0,48.0,52800
2.0,48.0,64800
3.0,58.0,153000
3.0,71.0,212888
1.0,34.0,70000
2.0,38.0,95000
3.0,85.74,172594
2.0,123.0,382888
2.0,69.0,122500
2.0,28.0,45000
5.0,96.0,190000
4.0,80.0,145000
3.0,110.0,412888
4.0,90.0,225000
1.0,42.0,90900
4.0,68.0,60500
3.0,58.0,101500
4.0,242.0,943800
2.0,50.0,129000
2.0,54.0,105900
3.0,74.0,162800
2.0,64.0,130000
3.0,67.0,62300
3.0,87.0,304888
1.0,28.0,76000
3.0,67.0,200000
3.0,62.0,112000
3.0,59.0,105000
8.0,237.0,500000
3.0,95.0,225000
2.0,65.0,98000
5.0,98.0,170000
1.0,21.0,58000
2.0,79.0,198000
3.0,66.0,85000
3.0,85.0,210000
2.0,34.0,89000
2.0,95.0,160000
2.0,59.0,179000
3.0,65.0,145000
2.0,66.0,220000
1.0,43.75,71177
2.0,57.0,98000
4.0,141.0,189000
2.0,30.0,54000
3.0,84.0,209000
1.0,43.0,30000
3.0,78.0,230000
5.0,170.0,450000
4.0,102.0,349900
4.0,73.0,110000
3.0,58.0,63800
3.0,80.0,170000
3.0,78.0,182000
2.0,62.0,136900
6.0,150.0,285000
5.0,124.0,280000
2.0,62.0,210000
2.0,62.0,183000
2.0,37.0,150000
3.0,74.0,133000
2.0,50.0,105000
2.0,53.0,178888
2.0,52.0,94800
4.0,94.0,180000
3.0,63.0,127500
3.0,54.0,150000
2.0,50.0,67000
3.0,48.0,99900
2.0,50.0,130000
2.0,75.0,220000
2.0,46.0,139000
3.0,89.0,258100
4.0,160.0,339000
2.0,66.0,98000
3.0,94.0,206272
2.0,54.0,184000
3.0,55.0,61500
4.0,75.0,75000
4.0,118.0,369888
2.0,55.0,135000
3.0,56.0,97000
2.0,35.0,105000
2.0,50.0,112000
3.0,128.0,358400
1.0,42.0,63000
4.0,160.0,640000
5.0,125.0,399000
1.0,44.0,95000
3.0,60.0,172000
6.0,220.0,400000
2.0,53.0,167888
2.0,36.0,92000
1.0,30.0,50400
4.0,85.0,187000
3.0,81.0,63000
3.0,52.0,130000
2.0,46.0,101500
3.0,109.0,288000
2.0,31.0,47000
2.0,49.0,68000
3.0,37.0,75000
2.0,43.0,79200
4.0,112.0,350000
2.0,48.1,155000
3.0,78.35,213700
2.0,55.0,71000
4.0,127.0,230000
4.0,69.0,128900
4.0,127.0,215000
2.0,48.0,39900
5.0,217.0,650000
3.0,75.0,130000
3.0,62.0,148800
4.0,82.0,198000
4.0,85.0,133500
3.0,88.0,264888
3.0,60.0,78000
4.0,257.0,390000
3.0,98.0,166600
2.0,55.0,165888
2.0,38.0,34900
4.0,111.0,200000
2.0,68.0,165000
2.0,71.0,115000
4.0,95.0,171000
3.0,94.0,194000
1.0,44.0,67000
3.0,75.3,181000
3.0,55.0,184000
4.0,160.0,365000
6.0,163.0,480000
4.0,96.0,170000
3.0,70.0,189000
3.0,90.0,184000
4.0,90.0,47000
3.0,54.0,56000
2.0,58.0,168888
2.0,64.0,100000
2.0,47.0,90000
4.0,106.0,185000
2.0,35.0,36000
4.0,122.3,510000
3.0,63.0,89800
3.0,69.0,196650
2.0,48.0,63500
3.0,70.0,115500
3.0,69.0,220000
3.0,62.0,91000
3.0,70.0,160000
3.0,150.69,1240888
2.0,55.0,98000
2.5,50.0,153000
3.0,67.0,87000
2.0,53.0,51000
2.0,45.0,67500
3.0,80.0,127000
3.0,112.0,249000
5.0,163.0,602888
3.0,54.0,102000
5.0,89.0,99000
4.0,86.0,138500
7.0,143.0,485000
4.0,113.0,147000
3.0,74.0,111000
2.0,77.0,230000
4.0,72.0,145000
2.0,78.0,107800
6.0,191.0,298000
2.0,73.0,175000
3.0,65.0,145000
7.0,162.0,275000
3.0,67.0,168000
2.0,53.0,125000
2.0,23.0,55000
3.0,68.0,129900
3.0,122.0,359000
5.0,170.0,450000
3.0,77.0,204000
3.0,62.0,135000
1.0,33.0,106000
2.0,46.0,94500
2.0,68.0,139000
3.0,110.0,195000
1.0,26.0,52000
2.0,60.0,64500
3.0,57.62,114070
3.0,51.0,62000
3.0,72.0,180000
2.0,39.0,110000
4.0,95.0,159000
1.0,34.0,80000
2.0,58.0,109000
4.0,101.0,235000
2.0,55.0,98000
3.0,75.0,129888
4.0,83.0,285000
3.0,81.0,210000
5.0,155.0,232000
3.0,67.0,200000
3.0,68.0,136000
3.0,67.0,94000
2.0,60.0,95000
2.0,49.0,64000
4.0,79.0,129000
5.0,214.0,749000
2.0,65.0,110000
1.0,45.0,65000
4.0,123.0,398888
2.0,48.0,64800
4.0,100.0,259000
3.0,70.0,200000
3.0,109.0,230000
4.0,160.0,249000
2.0,48.0,62000
3.0,90.0,265888
1.0,34.0,65000
3.0,47.0,64000
2.0,43.0,51900
2.0,66.0,112000
4.0,95.0,185000
2.0,48.0,63500
3.0,80.0,120000
2.0,61.0,96000
3.0,75.0,149900
3.0,65.0,60000
3.0,47.0,62000
4.0,104.0,203000
2.0,35.0,89000
3.0,85.0,145000
2.0,56.0,135000
2.0,43.0,134900
4.0,124.0,210800
4.0,90.0,250000
2.0,66.0,165000
3.0,63.0,70300
1.0,38.0,125000
2.0,41.0,47000
4.0,157.0,549500
3.0,70.0,106000
4.0,63.0,109000
3.0,48.0,79900
4.0,106.0,175000
2.0,37.0,78000
3.0,67.0,136180
1.0,41.0,89000
3.0,48.0,67150
5.0,94.0,155000
4.0,86.0,204000
2.0,50.0,114000
4.0,54.0,100000
1.0,32.0,76000
3.0,65.0,108000
2.0,41.0,110000
1.0,40.0,78900
1.0,34.0,26500
3.0,80.0,242888
3.0,68.0,139000
4.0,89.0,119900
3.0,77.0,170000
2.0,65.0,199990
5.0,69.0,120000
2.0,61.0,102000
1.0,42.0,95000
3.0,93.0,140900
4.0,137.0,385000
4.0,65.0,71500
2.0,43.0,120000
2.0,48.0,129000
2.0,95.0,160000
4.0,72.0,124900
4.0,95.0,185000
4.0,90.0,110000
3.0,80.0,135000
1.0,38.0,55000
3.0,66.0,70000
1.0,21.0,35000
3.0,87.0,193500
4.0,94.0,100000
4.0,137.0,340000
4.0,85.0,190000
3.0,113.0,115000
2.0,31.0,48000
3.0,92.0,228000
2.0,55.0,162888
4.0,261.74,1080000
3.0,71.0,67000
4.0,86.0,188628
3.0,68.0,140000
1.0,17.0,23000
2.0,29.0,66000
2.0,50.0,112000
2.0,22.0,66000
2.0,60.0,230000
2.0,62.0,120000
3.0,57.0,125000
2.0,56.0,215000
3.0,62.0,105000
4.0,115.0,150000
4.0,85.0,129900
4.0,71.0,138450
3.0,69.0,72000
2.0,53.0,175000
3.0,62.0,115000
3.0,89.0,207800
2.0,50.0,110000
3.0,78.0,210000
5.0,202.0,585000
2.0,58.0,55000
5.0,105.0,319000
3.0,83.0,180000
1.0,18.0,56000
7.0,160.0,290000
3.0,71.0,160000
2.0,43.75,71500
1.0,20.0,50000
2.0,43.0,49000
3.0,72.0,155000
2.0,60.0,162000
2.0,59.0,99900
3.0,72.0,158642
2.0,64.0,179000
2.0,54.0,50000
4.0,125.0,429000
2.0,55.0,39500
5.0,140.0,139000
4.0,150.0,525000
3.0,81.0,100000
2.0,113.0,180000
2.0,46.0,89000
1.0,32.0,65000
6.0,132.0,170000
2.0,54.0,65000
1.0,30.0,76000
4.0,109.0,230000
2.0,37.0,108000
4.0,150.0,280000
3.0,54.0,126000
1.0,40.0,52000
4.0,94.0,145000
2.0,47.0,90500
4.0,94.0,100000
4.0,138.0,499888
4.0,73.0,154000
2.0,72.0,135000
4.0,63.0,98900
3.0,83.0,250888
2.0,37.0,49500
3.0,86.0,220000
4.0,126.0,258300
2.0,34.78,69560
2.0,51.0,56000
2.0,32.0,48000
4.0,29.0,63000
2.0,39.0,104000
2.0,58.0,219900
3.0,53.0,130000
3.0,49.0,71000
4.0,95.0,170064
4.0,245.0,420000
4.0,95.0,170064
3.0,71.0,184600
1.0,25.0,23000
3.0,77.0,175300
3.0,72.0,129900
4.0,85.0,149000
4.0,140.0,260000
2.0,60.0,100000
4.0,84.0,99000
4.0,78.0,164000
2.0,55.0,93075
1.0,20.0,61000
5.0,173.0,187000
4.0,193.0,281818
2.0,43.0,87000
2.0,46.0,130702
3.0,93.0,311888
1.0,44.0,110000
3.0,54.0,65000
2.0,63.0,110000
3.0,65.0,126750
3.0,65.7,177390
3.0,66.0,106000
2.0,56.0,79000
2.0,54.0,88000
5.0,170.0,572888
4.0,195.0,375000
4.0,97.0,242500
2.0,73.0,617888
1.0,23.0,32500
2.0,48.0,38000
2.0,52.0,31000
4.0,84.0,83000
3.0,48.0,43200
3.0,60.0,95000
3.0,72.0,180000
2.0,39.0,46000
3.0,110.0,195000
3.0,65.0,175000
4.0,70.0,82000
3.0,76.0,75000
4.0,110.0,180000
3.0,86.0,180000
4.0,168.0,325000
3.0,56.0,76000
3.0,72.0,140400
3.0,55.0,53000
2.0,50.0,94000
2.0,61.0,168000
3.0,69.0,168000
2.0,41.0,114000
4.0,89.0,214000
3.0,65.0,89900
2.0,61.0,56500
2.0,43.2,118000
4.0,112.0,325000
2.0,45.0,130000
3.0,77.0,204000
5.0,205.0,800000
3.0,50.0,120000
3.0,64.0,127000
2.0,68.0,137500
1.0,46.0,70000
2.0,43.0,75250
3.0,73.0,125425
4.0,91.0,120000
1.0,40.0,73900
3.0,105.0,189000
3.0,80.0,271888
5.0,201.0,478000
3.0,91.0,145000
2.0,49.0,82000
3.0,70.0,115500
2.0,77.0,109000
1.0,54.0,114000
3.0,60.0,142200
2.0,38.0,72000
4.0,92.0,165000
2.0,42.0,47200
1.0,25.0,40000
4.0,95.0,135000
3.0,80.0,160000
3.0,75.0,70000
3.0,133.0,190000
3.0,92.0,400000
3.0,100.0,495000
3.0,94.0,99000
4.0,68.0,130000
2.0,62.0,159000
3.0,64.0,54500
4.0,87.0,182000
2.0,48.0,79900
3.0,67.0,73700
2.0,66.0,94000
3.0,159.0,280000
